Fecha,Product/ Platform,Component Code,Problem Description,Volume,SQ,In Process- NDF,FPY,CAL,Warehouse,Dealer,SIR 1 MIS,n.,PPM,R=1:5,$,Min,$,$ TOTAL,R=1:5,R=1:10,1,3,5,30,35,40,48,Priority
Jul - Sep 2018,Jaguar,ACAMAR,No realiza ciclos- Desajustada ,128205,0,3,4,0,0,0,2,9,70,3,14,10,25,39,4,4,,3,5,,,,48,2688
mayo-julio 2018,Jaguar,Actuador,En corto,"129,704",0,0,0,0,0,0,5,5,39,4,3,12,1,3.97,4,4,0,0,0,0,0,0,240,"15,360"
mayo-julio 2018,Jaguar,Actuador,No se activa,"129,704",0,0,0,0,0,0,4,4,31,4,3.4,12,0.57,3.97,4,4,0,0,0,0,0,0,192,"12,288"
mayo-julio 2018,Jaguar,Actuador,Pegado,"129,704",0,0,0,0,0,0,3,3,23,4,3.4,12,0.57,3.97,4,4,0,0,0,0,0,0,144,"9,216"
mayo-julio 2018,Jaguar,Actuador,Dañado,"129,704",0,5,6,0,0,0,0,11,85,5,3.4,15,0.72,4.12,4,4,0,15,30,0,0,0,0,"3,600"
mayo-julio 2018,Jaguar,Actuador,Suelto,"129,704",0,0,0,0,0,0,1,1,8,1,3.4,12,0.57,3.97,4,4,0,0,0,0,0,0,48,768
mayo-julio 2018,Jaguar,Actuador,Bobina Actuador Trabado,"129,704",0,0,0,0,0,0,1,1,8,1,3.4,12,0.57,3.97,4,4,0,0,0,0,0,0,48,768
mayo-julio 2018,Jaguar,Actuador,Reseco,"129,704",0,0,0,0,0,0,1,1,8,1,3.4,12,0.57,3.97,4,4,0,0,0,0,0,0,48,768
mayo-julio 2018,Jaguar,Actuador,Desajustado,"129,704",0,0,0,0,0,0,1,1,8,1,3.4,12,0.57,3.97,4,4,0,0,0,0,0,0,48,768
oct - dic 2018,,Actuador,abierto,140470,0,0,0,0,0,0,19,19,135,5,,,0,0,5,,0,0,0,0,0,0,912,0
oct - dic 2018,,Actuador,atorado,140470,0,0,0,0,0,0,5,5,36,4,,,0,0,5,,0,0,0,0,0,0,240,0
oct - dic 2018,,Actuador,Dañado / abierto / en corto,140470,0,10,5,1,0,0,4,20,142,5,,,0,0,5,,0,30,25,30,0,0,192,0
oct - dic 2018,,Actuador,mal ensamblado,140470,0,1,4,0,0,0,2,7,50,4,,,0,0,,,0,3,20,0,0,0,96,0
oct - dic 2018,,Actuador,reseco,140470,0,0,0,0,0,0,1,1,7,1,,,0,0,,,0,0,0,0,0,0,48,0
oct - dic 2018,,Actuador,pegado,140470,0,0,0,0,0,0,1,1,7,1,,,0,0,,,0,0,0,0,0,0,48,0
Jul - Sep 2018,Jaguar,Actuador ,Abierto o en corto/ Mal ensamble ,128205,0,6,1,0,0,0,13,20,156,4,3,15,37.5,40.5,4,4,,3,5,,,,48,3584
Jul - Sep 2018,Jaguar,Actuador ,Arnes  deconectado/suelto,128205,0,6,9,0,0,0,3,18,140,4,3,15,37.5,40.5,4,4,,3,5,,,,48,3584
Jul - Sep 2018,Jaguar,Actuador ,Quemado ,128205,0,0,1,0,0,0,2,3,23,1,3,15,37.5,40.5,4,4,,,5,,,,48,848
oct - dic 2018,,Actuador proceso,Quebrado,140470,0,3,3,0,0,0,0,6,43,,,,,,,,,,,,,,,
oct - dic 2018,,Actuador proceso,Conector mal ensamble,140470,0,3,3,0,0,0,0,6,43,,,,,,,,,,,,,,,
oct - dic 2018,,Actuador proceso,Conector dañado,140470,0,1,0,0,0,0,0,1,7,,,,,,,,,,,,,,,
oct - dic 2018,,Actuador proceso,Conector equivocado,140470,0,1,0,0,0,0,0,1,7,,,,,,,,,,,,,,,
oct - dic 2018,,Actuador proceso,Tornillo falal de torque,140470,0,0,1,0,0,0,0,1,7,,,,,,,,,,,,,,,
oct - dic 2018,,Actuador proceso,Falla de candado,140470,0,0,1,0,0,0,0,1,7,,,,,,,,,,,,,,,
ago - dic 2019,,ACTUATOR - SHIFT,En corto / Falla funcional,"109,784",1,0,2,0,0,0,22,25,228,5,3,12,0.75,3.75,3,4,1,0,10,0,0,0,"1,056","64,020"
ago - dic 2019,,ACTUATOR - SHIFT,Dañado / agrietado / golpeado / quebrado,"109,784",2,20,6,0,0,0,5,33,301,5,3,12,0.75,3.75,3,4,2,60,30,0,0,0,240,"19,920"
ago - dic 2019,,ACTUATOR - SHIFT,Fuera de posición,"109,784",0,2,2,0,0,0,2,6,55,5,3,12,0.75,3.75,3,4,1,15,10,0,0,0,96,"7,320"
ago - dic 2019,,ACTUATOR - SHIFT,Dañado // No detecta movimiento // sensor,"109,784",2,0,0,0,0,0,1,3,27,5,3,12,0.75,3.75,3,4,2,0,0,0,0,0,48,"3,000"
ago - dic 2019,,ACTUATOR - SHIFT,Ciclo lento,"109,784",2,0,2,0,0,0,0,4,36,5,3,12,0.75,3.75,3,4,2,0,10,0,0,0,0,720
ago - dic 2019,,ACTUATOR - SHIFT,Omision Ausente,"109,784",0,1,0,0,0,0,0,1,9,4,3,12,0.75,3.75,3,4,0,3,0,0,0,0,0,144
ago - dic 2019,,ACTUATOR - SHIFT,Conector ausente / Omision ensambke,"109,784",2,0,0,0,0,0,0,2,18,5,3,12,0.75,3.75,3,4,2,0,0,0,0,0,0,120
ago - dic 2019,,ACTUATOR - SHIFT,Pin elevado,"109,784",1,0,0,0,0,0,0,1,9,4,3,12,0.75,3.75,3,4,1,0,0,0,0,0,0,48
mayo-julio 2018,Jaguar,ACU,En corto,"129,704",0,0,0,0,0,0,4,4,31,4,14.43,15,0.72,15.15,5,4,0,0,0,0,0,0,192,"15,360"
mayo-julio 2018,Jaguar,ACU,Abierto,"129,704",0,0,0,0,0,0,4,4,31,4,14.43,15,0.72,15.15,5,4,0,0,0,0,0,0,192,"15,360"
mayo-julio 2018,Jaguar,ACU,Reseteo,"129,704",0,0,0,0,0,0,4,4,31,4,14.43,15,0.72,15.15,5,4,0,0,0,0,0,0,192,"15,360"
mayo-julio 2018,Jaguar,ACU,Bloqueada,"129,704",0,0,0,0,0,0,4,4,31,4,14.43,15,0.72,15.15,5,4,0,0,0,0,0,0,192,"15,360"
mayo-julio 2018,Jaguar,ACU,Dañada,"129,704",0,6,7,0,0,0,2,15,116,5,14.43,15,0.72,15.15,5,4,0,18,35,0,0,0,96,"14,900"
mayo-julio 2018,Jaguar,ACU,No respeta ciclos,"129,704",0,6,14,0,0,0,1,21,162,5,14.43,15,0.72,15.15,5,4,0,18,70,0,0,0,48,"13,600"
mayo-julio 2018,Jaguar,ACU,No enciende,"129,704",0,3,6,0,0,0,2,11,85,5,14.43,15,0.72,15.15,5,4,0,9,30,0,0,0,96,"13,500"
mayo-julio 2018,Jaguar,ACU,Mal programado,"129,704",0,7,0,0,0,0,2,9,69,5,14.43,15,0.72,15.15,5,4,0,21,0,0,0,0,96,"11,700"
mayo-julio 2018,Jaguar,ACU,No da señal,"129,704",0,0,0,0,0,0,3,3,23,4,14.43,15,0.72,15.15,5,4,0,0,0,0,0,0,144,"11,520"
mayo-julio 2018,Jaguar,ACU,Se apaga,"129,704",0,0,0,0,0,0,3,3,23,4,14.43,15,0.72,15.15,5,4,0,0,0,0,0,0,144,"11,520"
mayo-julio 2018,Jaguar,ACU,Descalibrada,"129,704",0,0,0,0,0,0,3,3,23,4,14.43,15,0.72,15.15,5,4,0,0,0,0,0,0,144,"11,520"
mayo-julio 2018,Jaguar,ACU,Quemado,"129,704",0,0,0,0,0,0,3,3,23,4,14.43,10,0.48,14.91,5,4,0,0,0,0,0,0,144,"11,520"
mayo-julio 2018,Jaguar,ACU,No lava- Arnes (Flojo),"129,704",0,2,9,0,0,0,1,12,93,5,14.43,15,0.72,15.15,5,4,0,6,45,0,0,0,48,"9,900"
mayo-julio 2018,Jaguar,ACU,No lava- Falso Contacto Arnes,"129,704",0,2,9,0,0,0,1,12,93,5,14.43,15,0.72,15.15,5,4,0,6,45,0,0,0,48,"9,900"
mayo-julio 2018,Jaguar,ACU,Arnés sin ensamblar,"129,704",0,0,3,0,0,0,0,3,23,4,14.43,15,0.72,15.15,5,4,0,0,15,0,0,0,0,"1,200"
mayo-julio 2018,Jaguar,ACU,No se activa,"129,704",0,0,0,0,0,0,1,1,8,1,14.43,15,0.72,15.15,5,4,0,0,0,0,0,0,48,960
mayo-julio 2018,Jaguar,ACU,Abierto,"129,704",0,0,0,0,0,0,1,1,8,1,14.43,15,0.72,15.15,5,4,0,0,0,0,0,0,48,960
mayo-julio 2018,Jaguar,ACU,Switch presión dañado,"129,704",0,0,0,0,0,0,1,1,8,1,14.43,15,0.72,15.15,5,4,0,0,0,0,0,0,48,960
ago - dic 2019,,ACU,LONG DRAIN / Flujo,"109,784",125,0,0,0,0,0,30,155,1412,5,10.97,15,0.93,11.9,5,4,125,0,0,0,0,0,"1,440","156,500"
ago - dic 2019,,ACU,Falla funcional,"109,784",15,0,152,0,0,0,0,167,1521,5,10.97,15,0.93,11.9,5,4,15,0,760,0,0,0,0,"77,500"
ago - dic 2019,,ACU,Mal programado en línea,"109,784",0,14,56,0,0,0,0,70,638,5,10.97,15,0.93,11.9,5,4,0,42,280,0,0,0,0,"32,200"
ago - dic 2019,,ACU,Conector mal ensamblado / sin ensamblar,"109,784",0,2,38,0,0,0,0,40,364,5,10.97,15,0.93,11.9,5,4,0,6,190,0,0,0,0,"19,600"
ago - dic 2019,,ACU,No realiza prueba / Falla en prueba,"109,784",55,22,0,0,0,0,0,77,701,5,10.97,15,0.93,11.9,5,4,55,66,0,0,0,0,0,"12,100"
ago - dic 2019,,ACU,En corto,"109,784",1,0,0,1,0,0,1,3,27,5,10.97,15,0.93,11.9,5,4,1,0,0,30,0,0,48,"7,900"
ago - dic 2019,,ACU,Dañado,"109,784",5,0,0,0,0,0,1,2,18,5,10.97,15,0.93,11.9,5,4,5,0,0,0,0,0,48,"5,300"
ago - dic 2019,,ACU,Desajustado,"109,784",0,0,0,0,0,0,1,1,9,4,10.97,15,0.93,11.9,5,4,0,0,0,0,0,0,48,"3,840"
ago - dic 2019,,ACU,Marca spin corriente / corriente 0 no realiza spin,"109,784",22,0,0,0,0,0,0,22,200,5,10.97,15,0.93,11.9,5,4,22,0,0,0,0,0,0,"2,200"
ago - dic 2019,,ACU,Conector invertido,"109,784",0,0,4,0,0,0,0,4,36,5,10.97,15,0.93,11.9,5,4,0,0,20,0,0,0,0,"2,000"
ago - dic 2019,,ACU,No enciende,"109,784",16,0,0,0,0,0,0,16,146,5,10.97,15,0.93,11.9,5,4,16,0,0,0,0,0,0,"1,600"
ago - dic 2019,,ACU,No entra cable en data,"109,784",12,0,0,0,0,0,0,12,109,5,10.97,15,0.93,11.9,5,4,12,0,0,0,0,0,0,"1,200"
ago - dic 2019,,ACU,Dreno sin terminar ciclo,"109,784",12,0,0,0,0,0,0,12,109,5,10.97,15,0.93,11.9,5,4,12,0,0,0,0,0,0,"1,200"
ago - dic 2019,,ACU,Conector quebrado / Conector dañado,"109,784",1,0,2,0,0,0,0,3,27,5,10.97,15,0.93,11.9,5,4,1,0,10,0,0,0,0,"1,100"
ago - dic 2019,,ACU,Conector equivocado,"109,784",6,0,0,0,0,0,0,6,55,5,10.97,15,0.93,11.9,5,4,6,0,0,0,0,0,0,600
ago - dic 2019,,ACU,Leds encendidos (dañada),"109,784",6,0,0,0,0,0,0,6,55,5,10.97,15,0.93,11.9,5,4,6,0,0,0,0,0,0,600
ago - dic 2019,,ACU,LED,"109,784",5,0,0,0,0,0,0,5,46,5,10.97,15,0.93,11.9,5,4,5,0,0,0,0,0,0,500
ago - dic 2019,,ACU,Valvula 2 corriente 82 / valvula corriente,"109,784",4,0,0,0,0,0,0,4,36,5,10.97,15,0.93,11.9,5,4,4,0,0,0,0,0,0,400
ago - dic 2019,,ACU,Falla de programación,"109,784",3,0,0,0,0,0,0,3,27,5,10.97,15,0.93,11.9,5,4,3,0,0,0,0,0,0,300
ago - dic 2019,,ACU,Agitacion CWW / falla agitación motor,"109,784",2,0,0,0,0,0,0,2,18,5,10.97,15,0.93,11.9,5,4,2,0,0,0,0,0,0,200
ago - dic 2019,,ACU,Bomba de vacio,"109,784",2,0,0,0,0,0,0,2,18,5,10.97,15,0.93,11.9,5,4,2,0,0,0,0,0,0,200
ago - dic 2019,,ACU,CCW corriente,"109,784",2,0,0,0,0,0,0,2,18,5,10.97,15,0.93,11.9,5,4,2,0,0,0,0,0,0,200
ago - dic 2019,,ACU,Falla en llenado,"109,784",2,0,0,0,0,0,0,2,18,5,10.97,15,0.93,11.9,5,4,2,0,0,0,0,0,0,200
ago - dic 2019,,ACU,Falta de pin / pin dañado,"109,784",2,0,0,0,0,0,0,2,18,5,10.97,15,0.93,11.9,5,4,2,0,0,0,0,0,0,200
ago - dic 2019,,ACU,Nivel de agua,"109,784",2,0,0,0,0,0,0,2,18,5,10.97,15,0.93,11.9,5,4,2,0,0,0,0,0,0,200
ago - dic 2019,,ACU,CCW Motor de corriente,"109,784",1,0,0,0,0,0,0,1,9,4,10.97,15,0.93,11.9,5,4,1,0,0,0,0,0,0,80
ago - dic 2019,,ACU,Error en lavado,"109,784",1,0,0,0,0,0,0,1,9,4,10.97,15,0.93,11.9,5,4,1,0,0,0,0,0,0,80
ago - dic 2019,,ACU,Falla conector para prueba data,"109,784",1,0,0,0,0,0,0,1,9,4,10.97,15,0.93,11.9,5,4,1,0,0,0,0,0,0,80
ago - dic 2019,,ACU,No descandadea unidad,"109,784",1,0,0,0,0,0,0,1,9,4,10.97,15,0.93,11.9,5,4,1,0,0,0,0,0,0,80
ago - dic 2019,,ACU,Sin corriente,"109,784",1,0,0,0,0,0,0,1,9,4,10.97,15,0.93,11.9,5,4,1,0,0,0,0,0,0,80
oct - dic 2018,,ACU,Reset de tarjeta,140470,0,0,0,0,0,0,34,34,242,5,,,0,0,,,0,0,0,0,0,0,1632,0
oct - dic 2018,,ACU,Daño electrico / no enciende,140470,0,20,19,0,0,0,19,58,413,5,,,0,0,5,,0,60,95,0,0,0,912,0
oct - dic 2018,,ACU,Mal conectado / sin ensamblar conectores,140470,0,1,24,0,0,0,3,28,199,5,,,0,0,,,0,3,120,0,0,0,144,0
oct - dic 2018,,ACU,Tarjeta sin continuidad / uso comercial,140470,0,0,0,0,0,0,2,2,14,2,,,0,0,,,0,0,0,0,0,0,96,0
oct - dic 2018,,ACU,Tarjeta descalibrada / bajo voltage,140470,0,0,0,0,0,0,1,1,7,1,,,0,0,,,0,0,0,0,0,0,48,0
oct - dic 2018,,ACU,Sensor pegado / LED no enciende / LED dañado,140470,0,3,1,0,0,0,1,5,36,4,,,0,0,,,0,9,5,0,0,0,48,0
oct - dic 2018,,ACU,Quemado,140470,0,0,0,0,0,0,1,1,7,1,,,0,0,,,0,0,0,0,0,0,48,0
oct - dic 2018,,ACU,Mal ensamblado,140470,0,1,0,0,0,0,1,2,14,2,,,0,0,,,0,3,0,0,0,0,48,0
oct - dic 2018,,ACU,APS dañado,140470,0,0,0,0,0,0,1,1,7,1,,,0,0,,,0,0,0,0,0,0,48,0
Jul - Sep 2018,Jaguar,ACU,Dañada ,128205,0,10,11,2,0,0,3,26,203,5,14,10,25,39,4,4,,3,5,30,,,48,6880
Jul - Sep 2018,Jaguar,ACU,No enciende- Tarjeta quemada,128205,0,11,17,1,0,0,9,38,296,5,14,10,25,39,4,4,,3,5,30,,,48,6880
Jul - Sep 2018,Jaguar,ACU,No realiza ciclos- Bloqueada/ No realiza primeras pruebas ,128205,0,5,12,0,0,0,9,26,203,5,14,10,25,39,4,4,,3,5,,,,48,4480
Jul - Sep 2018,Jaguar,ACU,No llena- Boton duro/travado ,128205,0,23,6,0,0,0,2,31,242,5,14,10,25,39,4,4,,3,5,,,,48,4480
Jul - Sep 2018,Jaguar,ACU,No inicia ciclos- Abierta o en corto / arneses desconectados ,128205,0,4,13,0,0,0,15,32,250,5,14,10,25,39,4,4,,3,5,,,,48,4480
Jul - Sep 2018,Jaguar,ACU,Tapa no abre- desprogramada ,128205,0,0,2,0,0,0,2,4,31,2,14,10,25,39,4,3,,,5,,,,48,1272
Jul - Sep 2018,Jaguar,ACU,Ciclada- Desprogramada ,128205,0,0,1,0,0,0,1,2,16,1,14,10,25,39,4,3,,,5,,,,48,636
oct - dic 2018,,ACU - Proceso,Carcasa equivocada,140470,0,6,0,0,0,0,0,6,43,4,,,0,0,,,0,18,0,0,0,0,0,0
oct - dic 2018,,ACU - Proceso,Mal identificado / equivocado,140470,0,5,23,0,0,0,0,28,199,5,,,0,0,,,0,15,115,0,0,0,0,0
oct - dic 2018,,ACU - Proceso,Conector dañado,140470,0,1,1,0,0,0,0,2,14,2,,,0,0,,,0,3,5,0,0,0,0,0
oct - dic 2018,,ACU - Proceso,Botón no acciona,140470,0,8,7,0,0,0,0,15,107,5,,,0,0,,,0,24,35,0,0,0,0,0
oct - dic 2018,,ACU - Proceso,Empaque ausente,140470,0,5,0,0,0,0,0,5,36,4,,,0,0,,,0,15,0,0,0,0,0,0
oct - dic 2018,,ACU - Proceso,Falla de candado,140470,0,1,2,0,0,0,0,3,21,3,,,0,0,,,0,3,10,0,0,0,0,0
oct - dic 2018,,ACU - Proceso,Mal programado,140470,0,5,7,0,0,0,0,12,85,,,,,,,,,,,,,,,
oct - dic 2018,,ACU - Proceso,No realiza prueba,140470,0,19,24,0,0,0,0,43,306,,,,,,,,,,,,,,,
oct - dic 2018,,ACU - Proceso,Tornillo falta de torque,140470,0,2,1,0,0,0,0,3,21,,,,,,,,,,,,,,,
oct - dic 2018,,ACU - Proceso,Tornillo ausente,140470,0,4,2,0,0,0,0,6,43,,,,,,,,,,,,,,,
oct - dic 2018,,ACU - Proceso,Pin dañado,140470,0,2,2,0,0,0,0,4,28,,,,,,,,,,,,,,,
oct - dic 2018,,ACU - Proceso,Pivote/Poste quebrado,140470,0,1,3,0,0,0,0,4,28,,,,,,,,,,,,,,,
oct - dic 2018,,ACU - Proceso,Pin fuera de dimensión,140470,0,1,0,0,0,0,0,1,7,1,,,0,0,,,0,3,0,0,0,0,0,0
oct - dic 2018,,ACU - Proceso,Ausente,140470,0,0,1,0,0,0,0,1,7,,,,,,,,,,,,,,,
oct - dic 2018,,ACU - Proceso,Pestaña quebrada,140470,0,0,4,0,0,0,0,4,28,,,,,,,,,,,,,,,
oct - dic 2018,,ACU - Proceso,Dañado,140470,0,1,3,0,0,0,0,4,28,,,,,,,,,,,,,,,
oct - dic 2018,,ACU - Proceso,Agitación de motor fuera de especificación,140470,0,0,6,0,0,0,0,6,43,,,,,,,,,,,,,,,
oct - dic 2018,,ACU - Proceso,Mojado,140470,0,0,0,1,0,0,0,1,7,,,,,,,,,,,,,,,
ago - dic 2019,,ACU //Actuador,En corto,"109,784",0,0,0,0,0,0,1,1,9,4,13.97,27,1.68,15.65,5,4,0,0,0,0,0,0,48,"3,840"
ago - dic 2019,,ACU//Bomba,En corto,"109,784",0,0,16,0,0,0,1,17,155,5,13.57,30,1.87,15.44,5,4,0,0,80,0,0,0,48,"12,800"
mayo-julio 2018,Jaguar,AGITADOR,Suelto-Ruido,"129,704",0,36,3,1,0,0,1,41,316,5,4.22,15,0.72,4.94,4,4,0,108,15,30,0,0,48,"16,080"
mayo-julio 2018,Jaguar,AGITADOR,Objeto Atorado,"129,704",0,1,3,0,0,0,2,6,46,4,4.22,15,0.72,4.94,4,4,0,3,15,0,0,0,96,"7,296"
mayo-julio 2018,Jaguar,AGITADOR,Rompe la ropa,"129,704",0,0,0,0,0,0,1,1,8,1,4.22,15,0.72,4.94,4,4,0,0,0,0,0,0,48,768
ago - dic 2019,,AGITADOR,Suelto / Mal ensamble / Sin ensamblar,"109,784",0,30,22,1,0,0,4,57,519,5,2.99,10,0.62,3.61,3,4,0,90,110,30,0,0,192,"25,320"
ago - dic 2019,,AGITADOR,Equivocado,"109,784",24,95,0,0,0,0,0,119,1084,5,2.99,10,0.62,3.61,3,3,24,285,0,0,0,0,0,"13,905"
ago - dic 2019,,AGITADOR,Roto,"109,784",0,1,1,0,0,0,2,4,36,5,2.99,10,0.62,3.61,3,4,0,3,5,0,0,0,96,"6,240"
ago - dic 2019,,AGITADOR,Tornillo barrido / falta de torque,"109,784",0,16,4,0,0,0,0,20,182,5,2.99,10,0.62,3.61,3,4,0,48,20,0,0,0,0,"4,080"
ago - dic 2019,,AGITADOR,Ausente,"109,784",0,15,0,0,0,0,0,15,137,5,2.99,10,0.62,3.61,3,4,0,45,0,0,0,0,0,"2,700"
ago - dic 2019,,AGITADOR,Tornillo adicional,"109,784",0,0,0,0,0,0,1,1,9,4,2.99,10,0.62,3.61,3,4,0,0,0,0,0,0,48,"2,304"
ago - dic 2019,,AGITADOR,Gap,"109,784",0,0,0,0,0,0,1,1,9,4,2.99,10,0.62,3.61,3,4,0,0,0,0,0,0,48,"2,304"
ago - dic 2019,,AGITADOR,Pandeado,"109,784",0,1,2,0,0,0,0,3,27,5,2.99,10,0.62,3.61,3,4,0,3,10,0,0,0,0,780
ago - dic 2019,,AGITADOR,Tornillo ausente,"109,784",0,4,0,0,0,0,0,4,36,5,2.99,10,0.62,3.61,3,4,0,12,0,0,0,0,0,720
ago - dic 2019,,AGITADOR,Pestaña quebrada,"109,784",0,1,0,0,0,0,0,1,9,4,2.99,10,0.62,3.61,3,4,0,3,0,0,0,0,0,144
oct - dic 2018,,AGITADOR,Tornillo barrido,140470,0,38,1,0,0,0,0,39,278,,,,,,,,,,,,,,,
oct - dic 2018,,AGITADOR,Tornillo capado,140470,0,0,4,0,0,0,0,4,28,,,,,,,,,,,,,,,
oct - dic 2018,,AGITADOR,Falta de torque,140470,0,5,1,0,0,0,0,6,43,,,,,,,,,,,,,,,
oct - dic 2018,,AGITADOR,Tornillo mal ensamblado,140470,0,1,0,0,0,0,0,1,7,,,,,,,,,,,,,,,
oct - dic 2018,,AGITADOR,Sucios,140470,0,0,2,0,0,0,0,2,14,,,,,,,,,,,,,,,
oct - dic 2018,,AGITADOR,Ausente,140470,0,1,0,0,0,0,0,1,7,,,,,,,,,,,,,,,
oct - dic 2018,,AGITADOR,Deforme,140470,0,1,0,0,0,0,1,2,14,,,,,,,,,,,,,,,
oct - dic 2018,,AGITADOR,Equivocados,140470,0,1,0,0,0,0,0,1,7,,,,,,,,,,,,,,,
oct - dic 2018,,AGITADOR,Roto,140470,0,0,0,0,0,0,1,1,7,1,,,0,0,,,0,0,0,0,0,0,48,0
oct - dic 2018,,AGITADOR,Mal ensamblado,140470,0,1,7,0,0,0,1,9,64,5,,,0,0,,,0,3,35,0,0,0,48,0
Jul - Sep 2018,Jaguar,AGITADOR, Desprendido / desajustado ,128205,0,26,7,0,0,0,2,35,273,5,3.9,15,37.5,41.4,4,3,,3,5,,,,48,3360
Jul - Sep 2018,Jaguar,AGITADOR,Rebaba/Quebrado/Deforme,128205,0,9,2,0,0,0,3,14,109,4,3.9,15,37.5,41.4,4,3,,3,5,,,,48,2688
oct - dic 2018,,Agitador base,Quebrado / agrietado,140470,0,1,0,1,0,0,0,2,14,,,,,,,,,,,,,,,
oct - dic 2018,,Agitador base,Tornillo ausente,140470,0,0,1,0,0,0,0,1,7,,,,,,,,,,,,,,,
oct - dic 2018,,Agitador base,Tornillo barrido,140470,0,21,0,0,0,0,0,21,149,,,,,,,,,,,,,,,
oct - dic 2018,,Agitador base,Falta de torque,140470,0,1,1,0,0,0,0,2,14,,,,,,,,,,,,,,,
oct - dic 2018,,Agitador base,Pandeados,140470,0,0,2,0,0,0,0,2,14,,,,,,,,,,,,,,,
ago - dic 2019,,Agitador couple,Tornillo barrido,"109,784",0,61,17,0,0,0,0,78,710,5,0.71,10,0.62,1.33,2,4,0,183,85,0,0,0,0,"10,720"
ago - dic 2019,,Agitador couple,Tornillo falta de torque,"109,784",0,7,0,0,0,0,0,7,64,5,0.71,10,0.62,1.33,2,4,0,21,0,0,0,0,0,840
oct - dic 2018,,Agitador couple,Barrido,140470,0,1,0,0,0,0,0,1,7,,,,,,,,,,,,,,,
oct - dic 2018,,Agitador couple,Rebaba,140470,0,3,0,0,0,0,0,3,21,,,,,,,,,,,,,,,
oct - dic 2018,,Agitador couple,Mal ensamblado,140470,0,1,0,0,0,0,0,1,7,,,,,,,,,,,,,,,
oct - dic 2018,,Agitador couple,Tornillo ausente,140470,0,0,1,0,0,0,0,1,7,,,,,,,,,,,,,,,
oct - dic 2018,,Agitador couple,Tornillo barrido,140470,0,19,6,0,0,0,0,25,178,,,,,,,,,,,,,,,
oct - dic 2018,,Agitador couple,Tornillo con rebaba,140470,0,1,0,0,0,0,0,1,7,,,,,,,,,,,,,,,
ago - dic 2019,,Air dome,Ausente,"109,784",0,4,3,0,0,0,0,7,64,5,0.07,5,0.31,0.38,1,4,0,12,15,0,0,0,0,540
ago - dic 2019,,Air dome,Mal ensamble,"109,784",0,2,0,0,0,0,0,2,18,5,0.07,5,0.31,0.38,1,4,0,6,0,0,0,0,0,120
oct - dic 2018,,Air dome,Ausente,140470,0,2,6,0,0,0,0,8,57,,,,,,,,,,,,,,,
oct - dic 2018,,Air dome,Mal ensamble,140470,0,9,0,0,0,0,0,9,64,,,,,,,,,,,,,,,
oct - dic 2018,,Air dome,Dañados / quebrado,140470,0,3,1,0,0,0,0,4,28,,,,,,,,,,,,,,,
oct - dic 2018,,Amortiguadores ,dañado,140470,0,0,0,0,0,0,1,1,7,1,,,0,0,,,0,0,0,0,0,0,48,0
ago - dic 2019,,ARNES,Sin continuidad,"109,784",0,0,0,0,0,0,1,1,9,4,1.26,20,1.24,2.5,3,4,0,0,0,0,0,0,48,"2,304"
ago - dic 2019,,ARNES,Clip fuera de especificación,"109,784",0,2,0,0,0,0,0,2,18,5,1.26,20,1.24,2.5,3,4,0,6,0,0,0,0,0,360
ago - dic 2019,,ARNES,Terminal suelta,"109,784",4,0,0,0,0,0,0,4,36,5,1.26,20,1.24,2.5,3,4,4,0,0,0,0,0,0,240
ago - dic 2019,,ARNES,Fuera de especificación,"109,784",1,0,0,0,0,0,0,1,9,4,1.26,20,1.24,2.5,3,4,1,0,0,0,0,0,0,48
ago - dic 2019,,ARNES,Cable expuesto - recubrimiento corto,"109,784",1,0,0,0,0,0,0,1,9,4,1.26,20,1.24,2.5,3,4,1,0,0,0,0,0,0,48
mayo-julio 2018,Jaguar,ARNES ACTUADOR,Desconectado,"129,704",0,3,4,0,0,0,2,9,69,5,3.4,12,0.57,3.97,4,4,0,9,20,0,0,0,96,"10,000"
ago - dic 2019,,ARNES ACTUADOR,Trozado / Roto,"109,784",1,3,5,0,0,0,3,12,109,5,1.26,20,1.24,2.5,3,4,1,9,25,0,0,0,144,"10,740"
ago - dic 2019,,ARNES ACTUADOR,Desconectado,"109,784",0,1,0,0,0,0,3,4,36,5,1.26,20,1.24,2.5,3,4,0,3,0,0,0,0,144,"8,820"
ago - dic 2019,,ARNES ACTUADOR,Enredado / atrapado,"109,784",0,1,3,0,0,0,0,4,36,5,1.26,20,1.24,2.5,3,4,0,3,15,0,0,0,0,"1,080"
oct - dic 2018,,ARNES ACTUADOR,Roto,140470,0,0,0,0,0,0,1,1,7,,,,,,,,,,,,,,,
oct - dic 2018,,Arnés ACU,abierto,140470,0,0,0,0,0,0,1,1,7,1,,,0,0,,,0,0,0,0,0,0,48,0
oct - dic 2018,,Arnés ACU,desconectado / mal ensamble,140470,0,1,2,0,0,0,1,4,28,4,,,0,0,,,0,3,10,0,0,0,48,0
oct - dic 2018,,Arnés ACU,Clip negro sin ensamblar,140470,0,5,7,1,0,0,0,13,93,,,,,,,,,,,,,,,
oct - dic 2018,,Arnés ACU,Cables dañados,140470,0,12,3,0,0,0,0,15,107,,,,,,,,,,,,,,,
oct - dic 2018,,Arnés ACU,Enredado,140470,0,4,0,0,0,0,0,4,28,,,,,,,,,,,,,,,
oct - dic 2018,,Arnés ACU,Conector dañado,140470,0,5,4,0,0,0,0,9,64,,,,,,,,,,,,,,,
oct - dic 2018,,Arnés ACU,Mal ruteo,140470,0,1,2,0,0,0,0,3,21,,,,,,,,,,,,,,,
mayo-julio 2018,Jaguar,ARNES BOMBA,Falso Contacto,"129,704",0,1,2,0,0,0,1,4,31,4,3.1,15,0.72,3.82,3,4,0,3,10,0,0,0,48,"2,928"
ago - dic 2019,,ARNES BOMBA,Desconectado,"109,784",0,0,0,0,0,0,6,6,55,5,1.26,15,0.93,2.19,3,4,0,0,0,0,0,0,288,"17,280"
ago - dic 2019,,ARNES CABLE DE PODER,Desconectado,"109,784",0,0,0,0,0,0,7,7,64,5,1.26,20,1.24,2.5,3,4,0,0,0,0,0,0,336,"20,160"
ago - dic 2019,,ARNES CABLE DE PODER,Clip ausente/ Omision de ensamble,"109,784",0,2,1,0,0,0,0,3,27,5,1.26,20,1.24,2.5,3,4,0,6,5,0,0,0,0,660
ago - dic 2019,,ARNES CABLE DE PODER,Clip sin ensamblar,"109,784",0,1,0,0,0,0,0,1,9,4,1.26,20,1.24,2.5,3,4,0,3,0,0,0,0,0,144
ago - dic 2019,,ARNES CABLE DE PODER,Dañado,"109,784",0,1,0,0,0,0,0,1,9,4,1.26,20,1.24,2.5,3,4,0,3,0,0,0,0,0,144
ago - dic 2019,,Arnes cable de tierra,Tornillos barridos,"109,784",0,4,47,0,0,0,0,51,465,5,1.26,20,1.24,2.5,3,9,0,12,235,0,0,0,0,"33,345"
ago - dic 2019,,Arnes cable de tierra,Cable roto,"109,784",0,1,12,0,0,0,0,13,118,5,1.26,20,1.24,2.5,3,4,0,3,60,0,0,0,0,"3,780"
ago - dic 2019,,Arnes cable de tierra,Enredado / atrapado,"109,784",0,1,2,0,0,0,0,3,27,5,1.26,20,1.24,2.5,3,4,0,3,10,0,0,0,0,780
ago - dic 2019,,Arnes cable de tierra,Conector con rebaba,"109,784",0,1,1,0,0,0,0,2,18,5,1.26,20,1.24,2.5,3,4,0,3,5,0,0,0,0,480
ago - dic 2019,,Arnes cable de tierra,Dañado,"109,784",0,2,0,0,0,0,0,2,18,5,1.26,20,1.24,2.5,3,4,0,6,0,0,0,0,0,360
ago - dic 2019,,Arnes cable de tierra,Falla funcional,"109,784",0,0,1,0,0,0,0,1,9,4,1.26,20,1.24,2.5,3,4,0,0,5,0,0,0,0,240
ago - dic 2019,,Arnes cable de tierra,Tornillo ausente,"109,784",0,0,1,0,0,0,0,1,9,4,1.26,20,1.24,2.5,3,4,0,0,5,0,0,0,0,240
ago - dic 2019,,Arnés capacitor,Desconectado,"109,784",0,3,3,0,0,0,7,13,118,5,1.26,20,1.24,2.5,3,4,0,9,15,0,0,0,336,"21,600"
ago - dic 2019,,Arnés capacitor,Cable roto,"109,784",0,0,15,0,0,0,0,15,137,5,1.26,20,1.24,2.5,3,4,0,0,75,0,0,0,0,"4,500"
ago - dic 2019,,Arnés capacitor,Conector quebrado,"109,784",0,1,4,0,0,0,0,5,46,5,1.26,20,1.24,2.5,3,4,0,3,20,0,0,0,0,"1,380"
ago - dic 2019,,Arnés capacitor,Conector con rebaba,"109,784",0,1,1,0,0,0,0,2,18,5,1.26,20,1.24,2.5,3,4,0,3,5,0,0,0,0,480
ago - dic 2019,,Arnés capacitor,Arnes atrapado,"109,784",0,0,1,0,0,0,0,1,9,4,1.26,20,1.24,2.5,3,4,0,0,5,0,0,0,0,240
oct - dic 2018,,Arnés capacitor,Mal ensamblado,140470,0,0,0,0,0,0,1,1,7,1,,,0,0,,,0,0,0,0,0,0,48,0
oct - dic 2018,,Arnés capacitor,Conector Dañado,140470,0,1,0,0,0,0,0,1,7,,,,,,,,,,,,,,,
mayo-julio 2018,Jaguar,ARNES DE MOTOR,Falso contacto,"129,704",0,0,4,0,0,0,1,5,39,4,8.6,10,0.48,9.08,4,4,0,0,20,0,0,0,48,"4,352"
ago - dic 2019,,ARNES DE MOTOR,Desconectado,"109,784",0,2,3,0,0,0,6,11,100,5,1.26,20,1.24,2.5,3,4,0,6,15,0,0,0,288,"18,540"
ago - dic 2019,,ARNES DE MOTOR,Enredado / atrapado,"109,784",0,1,2,0,0,0,0,3,27,5,1.26,20,1.24,2.5,3,4,0,3,10,0,0,0,0,780
ago - dic 2019,,ARNES DE MOTOR,No de parte equivocado,"109,784",0,0,1,0,0,0,0,1,9,4,1.26,20,1.24,2.5,3,4,0,0,5,0,0,0,0,240
ago - dic 2019,,ARNES DE MOTOR,Cable roto,"109,784",0,0,1,0,0,0,0,1,9,4,1.26,20,1.24,2.5,3,4,0,0,5,0,0,0,0,240
oct - dic 2018,,ARNES DE MOTOR,desconectado / mal ensamble,140470,0,2,13,1,0,0,1,17,121,5,,,0,0,,,0,6,65,30,0,0,48,0
oct - dic 2018,,ARNES DE MOTOR,Conector dañado,140470,0,4,3,0,0,0,0,7,50,,,,,,,,,,,,,,,
mayo-julio 2018,Jaguar,Arnes Lid Lock,Desconectado,"129,704",0,7,1,0,0,0,0,8,62,5,0.86,20,0.96,1.82,2,4,0,21,5,0,0,0,0,"1,040"
mayo-julio 2018,Jaguar,Arnes Lid Lock,Falso Contacto,"129,704",0,0,0,0,0,0,1,1,8,1,0.86,20,0.96,1.82,2,4,0,0,0,0,0,0,48,384
oct - dic 2018,,Arnes Lid Lock,desconectado / mal ensamble,140470,0,20,0,0,0,0,1,21,149,5,,,0,0,,,0,60,0,0,0,0,48,0
oct - dic 2018,,Arnes Lid Lock,Conector dañado,140470,0,5,0,0,0,0,0,5,36,,,,,,,,,,,,,,,
oct - dic 2018,,Arnes Lid Lock,Mal ruteo,140470,0,1,1,0,0,0,0,2,14,,,,,,,,,,,,,,,
oct - dic 2018,,Arnes Lid Lock,no activa,140470,0,1,1,0,0,0,0,2,14,,,,,,,,,,,,,,,
oct - dic 2018,,Arnes Lid Lock,Cinta ausente,140470,0,1,0,0,0,0,0,1,7,,,,,,,,,,,,,,,
oct - dic 2018,,Arnes Lid Lock,Pin fuera de dimensión,140470,0,1,0,0,0,0,0,1,7,,,,,,,,,,,,,,,
ago - dic 2019,,Arnes lower,Dañado,"109,784",0,0,0,1,0,0,0,1,9,4,1.26,20,1.24,2.5,3,4,0,0,0,30,0,0,0,"1,440"
mayo-julio 2018,Jaguar,Arnes Preostato,Desconectado,"129,704",0,0,0,0,0,0,1,1,8,1,0.95,15,0.72,1.66,2,4,0,0,0,0,0,0,48,384
mayo-julio 2018,Jaguar,Arnes principal,Desconectado,"129,704",0,1,0,0,0,0,2,3,23,4,3.06,20,0.96,4.01,4,4,0,3,0,0,0,0,96,"6,336"
mayo-julio 2018,Jaguar,Arnes principal,Falso contacto,"129,704",0,0,0,0,0,0,1,1,8,1,3.06,20,0.96,4.01,4,4,0,0,0,0,0,0,48,768
ago - dic 2019,,Arnes principal,Mal ensamblado,"109,784",0,2,0,1,0,0,0,3,27,5,4.42,20,1.24,5.66,4,4,0,6,0,30,0,0,0,"2,880"
ago - dic 2019,,Arnes principal,Dañado,"109,784",0,4,0,0,0,0,0,4,36,5,4.42,20,1.24,5.66,4,4,0,12,0,0,0,0,0,960
ago - dic 2019,,Arnés upper,Pin dañado,"109,784",0,3,0,0,0,0,0,3,27,5,1.26,20,1.24,2.5,3,4,0,9,0,0,0,0,0,540
oct - dic 2018,,Arnés upper,conector dañados,140470,0,6,3,0,0,0,0,9,64,,,,,,,,,,,,,,,
oct - dic 2018,,Arnés upper,ausente,140470,0,1,1,0,0,0,0,2,14,,,,,,,,,,,,,,,
oct - dic 2018,,Arnés upper,Equivocado,140470,0,3,0,0,0,0,0,3,21,,,,,,,,,,,,,,,
oct - dic 2018,,Arnés upper,Intermitencía,140470,0,0,2,0,0,0,0,2,14,,,,,,,,,,,,,,,
mayo-julio 2018,Jaguar,ARNES VÁLVULA,Abierto,"129,704",0,0,0,0,0,0,1,1,8,1,0.95,15,0.72,1.66,2,4,0,0,0,0,0,0,48,384
ago - dic 2019,,ARNES VÁLVULA,Desconectado,"109,784",0,2,2,0,0,0,10,14,128,5,1.26,20,1.24,2.5,3,4,0,6,10,0,0,0,480,"29,760"
oct - dic 2018,,Arneses,abierto,140470,0,0,0,0,0,0,2,2,14,,,,,,,,,,,,,,,
oct - dic 2018,,Arneses,desconectado,140470,0,0,0,0,0,0,1,1,7,,,,,,,,,,,,,,,
Jul - Sep 2018,Jaguar,Arneses,No enciende- Desajustados ,128205,0,11,5,0,0,0,2,18,140,4,2.5,20,50,52.5,4,4,,3,5,,,,48,3584
ago - dic 2019,,Auger agitador,Quebrado / pestaña quebrada,"109,784",0,3,20,0,0,0,0,23,210,5,1.85,10,0.62,2.47,3,4,0,9,100,0,0,0,0,"6,540"
ago - dic 2019,,Auger agitador,Ausente,"109,784",0,2,0,0,0,0,0,2,18,5,1.85,10,0.62,2.47,3,4,0,6,0,0,0,0,0,360
ago - dic 2019,,BALERO,Fuera de posición,"109,784",0,0,0,0,0,0,1,1,9,4,0.6,30,1.87,2.47,3,4,0,0,0,0,0,0,48,"2,304"
oct - dic 2018,,BALERO,con ruido,140470,0,1,0,0,0,0,1,2,14,2,,,0,0,,,0,3,0,0,0,0,48,0
mayo-julio 2018,Jaguar,BANDA,No lava -Mal Ensamble,"129,704",0,1,1,0,0,0,1,3,23,4,0,10,0.48,0.48,1,4,0,3,5,0,0,0,48,896
mayo-julio 2018,Jaguar,BANDA,Dañada,"129,704",0,0,0,0,0,0,1,1,8,1,0,10,0.48,0.48,1,4,0,0,0,0,0,0,48,192
ago - dic 2019,,BANDA,Suelta / Mal colocada,"109,784",0,1,1,0,0,0,8,10,91,5,0.37,10,0.62,0.99,1,4,0,3,5,0,0,0,384,"7,840"
ago - dic 2019,,BANDA,Ausente,"109,784",0,6,11,0,0,0,0,17,155,5,0.37,10,0.62,0.99,1,4,0,18,55,0,0,0,0,"1,460"
oct - dic 2018,,BANDA,rota,140470,0,0,0,0,0,0,2,2,14,2,,,0,0,,,0,0,0,0,0,0,96,0
oct - dic 2018,,BANDA,desajustada / mal ensamble,140470,0,1,0,0,0,0,2,3,21,3,,,0,0,,,0,3,0,0,0,0,96,0
oct - dic 2018,,BANDA,dañada,140470,0,0,0,1,0,0,2,3,21,3,,,0,0,,,0,0,0,30,0,0,96,0
oct - dic 2018,,BANDA,tensa,140470,0,0,0,0,0,0,1,1,7,1,,,0,0,,,0,0,0,0,0,0,48,0
oct - dic 2018,,BANDA,desgastada,140470,0,0,0,0,0,0,1,1,7,1,,,0,0,,,0,0,0,0,0,0,48,0
oct - dic 2018,,BANDA,Ausente,140470,0,13,12,0,0,0,0,25,178,,,,,,,,,,,,,,,
Jul - Sep 2018,Jaguar,BANDA,Suelta/Desajustada ,128205,0,0,0,0,0,0,3,3,23,1,0.2,5,12.5,12.7,1,4,,,,,,,48,192
Jul - Sep 2018,Jaguar,BANDA,Torcida,128205,0,0,0,0,0,0,1,1,8,1,0.2,5,12.5,12.7,1,3,,,,,,,48,144
ago - dic 2019,,BASE PROT-PACKAGIN,Dañada en tarima,"109,784",9,0,0,0,0,0,0,9,82,5,2.06,5,0.31,2.37,3,4,9,0,0,0,0,0,0,540
ago - dic 2019,,BASE PROT-PACKAGIN,Despegada,"109,784",6,0,0,0,0,0,0,6,55,5,2.06,5,0.31,2.37,3,4,6,0,0,0,0,0,0,360
ago - dic 2019,,BASE PROT-PACKAGIN,Falta EPS,"109,784",3,0,0,0,0,0,0,3,27,5,2.06,5,0.31,2.37,3,4,3,0,0,0,0,0,0,180
ago - dic 2019,,BASE PROT-PACKAGIN,Fuera de dimensión,"109,784",2,0,0,0,0,0,0,2,18,5,2.06,5,0.31,2.37,3,4,2,0,0,0,0,0,0,120
oct - dic 2018,,Base protectora de motor / Cover pulley,Mal ensamblado,140470,0,0,0,0,0,0,3,3,21,,,,,,,,,,,,,,,
oct - dic 2018,,Base protectora de motor / Cover pulley,Tornillo mal ensamblado / atorado,140470,0,1,1,0,0,0,0,2,14,,,,,,,,,,,,,,,
oct - dic 2018,,Base protectora de motor / Cover pulley,Ausente,140470,0,3,0,0,0,0,0,3,21,,,,,,,,,,,,,,,
oct - dic 2018,,Base protectora de motor / Cover pulley,Deforme,140470,0,1,0,0,0,0,0,1,7,,,,,,,,,,,,,,,
oct - dic 2018,,Base protectora de motor / Cover pulley,Tiro corto,140470,0,1,0,0,0,0,0,1,7,,,,,,,,,,,,,,,
oct - dic 2018,,Base protectora de motor / Cover pulley,tornillo ausente,140470,0,5,0,0,0,0,0,5,36,,,,,,,,,,,,,,,
oct - dic 2018,,Base protectora de motor / Cover pulley,Dentro de unidad,140470,0,3,0,0,0,0,0,3,21,,,,,,,,,,,,,,,
oct - dic 2018,,Base protectora de motor / Cover pulley,Falta de torque,140470,0,2,0,1,0,0,0,3,21,,,,,,,,,,,,,,,
oct - dic 2018,,Bobina ,Abierto,140470,0,0,0,0,0,0,1,1,7,,,,,,,,,,,,,,,
ago - dic 2019,,BOBINA DE VALVULA,Agrietada,"109,784",0,0,0,0,0,0,1,1,9,4,1.77,15,0.93,2.7,3,4,0,0,0,0,0,0,48,"2,304"
ago - dic 2019,,BOLAS DE SUSPENSIÓN,Rotas,"109,784",0,2,3,0,0,0,19,33,301,5,0.7,30,1.87,2.57,3,4,0,6,15,0,0,360,912,"77,580"
ago - dic 2019,,BOLAS DE SUSPENSIÓN,Sueltas,"109,784",0,0,0,0,0,0,1,1,9,4,0.06,30,1.87,1.93,3,4,0,0,0,0,0,0,48,"2,304"
mayo-julio 2018,Jaguar,BOMBA,Dañada,"129,704",0,6,2,0,0,0,6,14,108,5,4.14,15,0.72,4.85,4,4,0,18,10,0,0,0,288,"25,280"
ago - dic 2019,,BOMBA,Quebrada,"109,784",0,13,8,0,0,0,3,24,219,5,2.6,15,0.93,3.53,3,4,0,39,40,0,0,0,144,"13,380"
ago - dic 2019,,BOMBA,En corto / no activa,"109,784",1,0,0,0,0,0,3,4,36,5,2.6,15,0.93,3.53,3,4,1,0,0,0,0,0,144,"8,700"
ago - dic 2019,,BOMBA,Abierta,"109,784",0,0,0,0,0,0,3,3,27,5,2.6,15,0.93,3.53,3,4,0,0,0,0,0,0,144,"8,640"
ago - dic 2019,,BOMBA,Dañada,"109,784",0,0,0,0,0,0,2,2,18,5,2.6,15,0.93,3.53,3,4,0,0,0,0,0,0,96,"5,760"
ago - dic 2019,,BOMBA,Quemada,"109,784",0,0,0,0,0,0,1,1,9,4,2.6,15,0.93,3.53,3,4,0,0,0,0,0,0,48,"2,304"
ago - dic 2019,,BOMBA,Abrazadera mal ensamblada,"109,784",0,11,0,0,0,0,0,11,100,5,2.6,15,0.93,3.53,3,4,0,33,0,0,0,0,0,"1,980"
ago - dic 2019,,BOMBA,Manguera dañada,"109,784",0,0,0,1,0,0,0,1,9,4,2.6,15,0.93,3.53,3,4,0,0,0,30,0,0,0,"1,440"
ago - dic 2019,,BOMBA,conector dañado,"109,784",0,0,3,0,0,0,0,3,27,5,2.6,15,0.93,3.53,3,4,0,0,15,0,0,0,0,900
ago - dic 2019,,BOMBA,Manguera mal ensamblada,"109,784",0,0,2,0,0,0,0,2,18,5,2.6,15,0.93,3.53,3,4,0,0,10,0,0,0,0,600
ago - dic 2019,,BOMBA,Tornillo ausente,"109,784",0,1,1,0,0,0,0,2,18,5,2.6,15,0.93,3.53,3,4,0,3,5,0,0,0,0,480
ago - dic 2019,,BOMBA,Mal ensamblada,"109,784",0,2,0,0,0,0,0,2,18,5,2.6,15,0.93,3.53,3,4,0,6,0,0,0,0,0,360
oct - dic 2018,,BOMBA,pegada,140470,0,0,0,0,0,0,2,2,14,2,,,0,0,,,0,0,0,0,0,0,96,0
oct - dic 2018,,BOMBA,Mal ensamblada,140470,0,12,4,1,0,0,2,19,135,5,,,0,0,,,0,36,20,30,0,0,96,0
oct - dic 2018,,BOMBA,bomba tapada,140470,0,0,0,0,0,0,2,2,14,2,,,0,0,,,0,0,0,0,0,0,96,0
oct - dic 2018,,BOMBA,abierto,140470,0,0,0,0,0,0,2,2,14,2,,,0,0,,,0,0,0,0,0,0,96,0
oct - dic 2018,,BOMBA,tapado,140470,0,0,0,0,0,0,1,1,7,1,,,0,0,,,0,0,0,0,0,0,48,0
oct - dic 2018,,BOMBA,Bomba ciclada,140470,0,0,0,0,0,0,1,1,7,1,,,0,0,,,0,0,0,0,0,0,48,0
oct - dic 2018,,BOMBA,Dañada,140470,0,23,12,0,0,0,0,35,249,,,,,,,,,,,,,,,
Jul - Sep 2018,Jaguar,BOMBA,No drena/ TIra agua -Abierta,128205,0,8,8,0,0,0,4,20,156,4,3.1,15,37.5,40.6,4,4,,3,5,,,,48,3584
Jul - Sep 2018,Jaguar,BOMBA,No drena - dañada ,128205,0,5,0,0,0,0,1,6,47,2,3.1,15,37.5,40.6,4,4,,,,,,,48,1536
Jul - Sep 2018,Jaguar,BOMBA,No lava-Quemada ,128205,0,0,0,0,0,0,1,1,8,1,3.1,15,37.5,40.6,4,4,,,,,,,48,768
ago - dic 2019,,BOMBA // ACU,En corto,"109,784",0,0,0,0,0,0,1,1,9,4,2.6,15,0.93,3.53,3,4,0,0,0,0,0,0,48,"2,304"
oct - dic 2018,,Boton,Duro / Atorado,140470,0,0,0,0,0,0,4,4,28,,,,,,,,,,,,,,,
ago - dic 2019,,Bracket housing,Tornillo ausente,"109,784",0,0,3,0,0,0,0,3,27,5,1.62,10,0.62,2.24,3,4,0,0,15,0,0,0,0,900
ago - dic 2019,,Bracket housing,Tornillo falta de torque,"109,784",0,2,0,0,0,0,0,2,18,5,1.62,10,0.62,2.24,3,4,0,6,0,0,0,0,0,360
ago - dic 2019,,Bracket housing,Pestaña deforme,"109,784",2,0,0,0,0,0,0,2,18,5,1.62,10,0.62,2.24,3,4,2,0,0,0,0,0,0,120
ago - dic 2019,,Bracket housing,Tiro corto,"109,784",1,0,0,0,0,0,0,1,9,4,1.62,10,0.62,2.24,3,4,1,0,0,0,0,0,0,48
ago - dic 2019,,Bracket metalico,Agrietado,"109,784",0,34,0,0,0,0,0,34,310,5,0.19,2,0.12,0.31,1,4,0,102,0,0,0,0,0,"2,040"
ago - dic 2019,,Bracket metalico,Tornillo ausente,"109,784",0,1,0,0,0,0,0,1,9,4,0.19,2,0.12,0.31,1,4,0,3,0,0,0,0,0,48
ago - dic 2019,,Bumper,Ausente,"109,784",0,3,0,0,0,0,0,3,27,5,0.06,2,0.12,0.18,1,4,0,9,0,0,0,0,0,180
ago - dic 2019,,Cable poder,Clip Ausente,"109,784",23,0,0,0,0,0,0,23,210,5,1.51,5,0.31,1.82,2,4,23,0,0,0,0,0,0,920
ago - dic 2019,,Cable poder,Tornillo Barrido,"109,784",0,7,0,0,0,0,0,7,64,5,1.51,5,0.31,1.82,2,4,0,21,0,0,0,0,0,840
ago - dic 2019,,Cable poder,Clip sin ensamblar,"109,784",0,0,2,0,0,0,0,2,18,5,1.51,5,0.31,1.82,2,4,0,0,10,0,0,0,0,400
ago - dic 2019,,Cable poder,Terminal doblada,"109,784",0,0,1,0,0,0,0,1,9,4,1.51,5,0.31,1.82,2,4,0,0,5,0,0,0,0,160
ago - dic 2019,,Cable poder,Falla funcional,"109,784",0,1,0,0,0,0,0,1,9,4,1.51,5,0.31,1.82,2,4,0,3,0,0,0,0,0,96
ago - dic 2019,,Cable poder,Distancia de clip corta,"109,784",1,0,0,0,0,0,0,1,9,4,1.51,5,0.31,1.82,2,4,1,0,0,0,0,0,0,32
oct - dic 2018,,Cable poder,Mal ensamblado,140470,0,0,0,0,0,0,4,4,28,4,,,0,0,,,0,0,0,0,0,0,192,0
oct - dic 2018,,Cable poder,Desconectado,140470,0,0,0,0,0,0,2,2,14,2,,,0,0,,,0,0,0,0,0,0,96,0
oct - dic 2018,,Cable poder,Abierto,140470,0,0,0,0,0,0,2,2,14,2,,,0,0,,,0,0,0,0,0,0,96,0
oct - dic 2018,,Cable poder,Pestaña quebrada,140470,0,1,0,0,0,0,0,1,7,,,,,,,,,,,,,,,
oct - dic 2018,,Cam,Mal ensamblado,140470,0,26,25,2,0,0,13,66,470,,,,,,,,,,,,,,,
oct - dic 2018,,Cam,Reseco,140470,0,0,0,0,0,0,1,1,7,1,,,0,0,,,0,0,0,0,0,0,48,0
oct - dic 2018,,Cam,Pegado,140470,0,0,0,0,0,0,1,1,7,1,,,0,0,,,0,0,0,0,0,0,48,0
oct - dic 2018,,Cam,abierto,140470,0,0,0,0,0,0,1,1,7,1,,,0,0,,,0,0,0,0,0,0,48,0
oct - dic 2018,,Cam,Dañado / Quebrado,140470,0,1,1,0,0,0,1,3,21,,,,,,,,,,,,,,,
oct - dic 2018,,Cam,Tiro corto / incompleto,140470,1,0,1,0,0,0,0,2,14,,,,,,,,,,,,,,,
oct - dic 2018,,Cam,Mordazas dañadas,140470,0,0,0,1,0,0,0,1,7,,,,,,,,,,,,,,,
oct - dic 2018,,Cam,Tornillo ausente,140470,0,1,0,0,0,0,0,1,7,,,,,,,,,,,,,,,
oct - dic 2018,,Cam,Tornillos barridos,140470,0,6,0,0,0,0,0,6,43,,,,,,,,,,,,,,,
mayo-julio 2018,Jaguar,CAM SPLUTCH,Mal ensamble,"129,704",0,0,0,0,0,0,10,10,77,5,1.06,20,0.96,2.02,2,4,0,0,0,0,0,0,480,"19,200"
mayo-julio 2018,Jaguar,CAM SPLUTCH,Ruido,"129,704",0,0,0,0,0,0,2,2,15,3,1.06,20,0.96,2.02,2,4,0,0,0,0,0,0,96,"2,304"
mayo-julio 2018,Jaguar,CAM SPLUTCH,Pegado,"129,704",0,0,0,0,0,0,2,2,15,3,1.06,20,0.96,2.02,2,4,0,0,0,0,0,0,96,"2,304"
mayo-julio 2018,Jaguar,CAM SPLUTCH,Desgaste,"129,704",0,0,0,0,0,0,1,1,8,1,1.06,20,0.96,2.02,2,4,0,0,0,0,0,0,48,384
mayo-julio 2018,Jaguar,CAM SPLUTCH,Duro,"129,704",0,0,0,0,0,0,1,1,8,1,1.06,20,0.96,2.02,2,4,0,0,0,0,0,0,48,384
ago - dic 2019,,CAM SPLUTCH,Fuera de posición / Mal ensamble,"109,784",0,4,5,3,0,0,17,29,264,5,0.14,5,0.31,0.45,1,4,0,12,25,90,0,0,816,"18,860"
ago - dic 2019,,CAM SPLUTCH,Quebrado,"109,784",0,1,0,0,0,0,1,2,18,5,0.14,5,0.31,0.45,1,4,0,3,0,0,0,0,48,"1,020"
Jul - Sep 2018,Jaguar,CAM SPLUTCH,Suelto/Desajustado ,128205,0,7,1,1,0,0,11,20,156,4,0.14,20,50,50.14,4,4,,,,,,,48,3072
oct - dic 2018,,Cam/capacitor,abierto,140470,0,0,0,0,0,0,1,1,7,,,,,,,,,,,,,,,
mayo-julio 2018,Jaguar,Canasta,Rompe la ropa,"129,704",0,0,0,0,0,0,1,1,8,1,8.59,60,2.87,11.46,5,4,0,0,0,0,0,0,48,960
ago - dic 2019,,Canasta drum,Mal clinchada,"109,784",0,8,0,0,0,0,0,8,73,5,6.13,60,3.73,9.86,4,4,0,24,0,0,0,0,0,"1,920"
ago - dic 2019,,Canasta drum,Mal rectificado,"109,784",0,5,0,0,0,0,0,5,46,5,6.13,60,3.73,9.86,4,4,0,15,0,0,0,0,0,"1,200"
ago - dic 2019,,Canasta drum,Mal ensamble,"109,784",0,2,1,0,0,0,0,3,27,5,6.13,60,3.73,9.86,4,4,0,6,5,0,0,0,0,880
ago - dic 2019,,Canasta drum,Golpeada,"109,784",0,1,1,0,0,0,0,2,18,5,6.13,60,3.73,9.86,4,4,0,3,5,0,0,0,0,640
ago - dic 2019,,Canasta drum,Fuera de especificación,"109,784",0,2,0,0,0,0,0,2,18,5,6.13,60,3.73,9.86,4,4,0,6,0,0,0,0,0,480
ago - dic 2019,,Canasta drum,Base golpeado / quebrado,"109,784",0,0,1,0,0,0,0,1,9,4,6.13,60,3.73,9.86,4,4,0,0,5,0,0,0,0,320
ago - dic 2019,,Canasta drum,Balance golpeado / quebrado,"109,784",0,0,1,0,0,0,0,1,9,4,6.13,60,3.73,9.86,4,4,0,0,5,0,0,0,0,320
ago - dic 2019,,Canasta drum,Mal ensamble de tapón en balance ring,"109,784",0,1,0,0,0,0,0,1,9,4,6.13,60,3.73,9.86,4,4,0,3,0,0,0,0,0,192
ago - dic 2019,,CAP HINGE,Rayadas,"109,784",535,0,0,0,0,0,0,535,4873,5,0.12,1,0.06,0.18,1,4,535,0,0,0,0,0,0,"10,700"
ago - dic 2019,,CAP HINGE,Equivocado,"109,784",242,0,0,0,0,0,0,242,2204,5,0.12,1,0.06,0.18,1,4,242,0,0,0,0,0,0,"4,840"
ago - dic 2019,,CAP HINGE,Quebrado,"109,784",2,0,0,0,0,0,0,2,18,5,0.12,1,0.06,0.18,1,4,2,0,0,0,0,0,0,40
mayo-julio 2018,Jaguar,CAPACITOR,Desconectado,"129,704",0,1,2,0,0,0,2,5,39,4,2.22,5,0.24,2.46,3,4,0,3,10,0,0,0,96,"5,232"
mayo-julio 2018,Jaguar,CAPACITOR,Dañado,"129,704",0,9,1,0,0,0,0,10,77,5,2.22,15,0.72,2.94,3,4,0,27,5,0,0,0,0,"1,920"
mayo-julio 2018,Jaguar,CAPACITOR,Quemado,"129,704",0,0,0,0,0,0,1,1,8,1,2.22,15,0.72,2.94,3,4,0,0,0,0,0,0,48,576
mayo-julio 2018,Jaguar,CAPACITOR,Abierto,"129,704",0,0,0,0,0,0,1,1,8,1,2.22,15,0.72,2.94,3,4,0,0,0,0,0,0,48,576
mayo-julio 2018,Jaguar,CAPACITOR,En corto,"129,704",0,0,0,0,0,0,1,1,8,1,2.22,15,0.72,2.94,3,4,0,0,0,0,0,0,48,576
ago - dic 2019,,CAPACITOR,Dañado / Quebrado,"109,784",0,1,1,0,0,0,1,3,27,5,2.02,15,0.93,2.95,3,4,0,3,5,0,0,0,48,"3,360"
ago - dic 2019,,CAPACITOR,Conector invertido,"109,784",45,0,0,0,0,0,0,45,410,5,2.02,15,0.93,2.95,3,4,45,0,0,0,0,0,0,"2,700"
ago - dic 2019,,CAPACITOR,Terminal doblada,"109,784",0,9,1,0,0,0,0,10,91,5,2.02,15,0.93,2.95,3,4,0,27,5,0,0,0,0,"1,920"
ago - dic 2019,,CAPACITOR,Falla funcional,"109,784",1,0,5,0,0,0,0,6,55,5,2.02,15,0.93,2.95,3,4,1,0,25,0,0,0,0,"1,560"
ago - dic 2019,,CAPACITOR,Fuera de especificación,"109,784",0,2,0,0,0,0,0,2,18,5,2.02,15,0.93,2.95,3,4,0,6,0,0,0,0,0,360
ago - dic 2019,,CAPACITOR,Conector dañado,"109,784",2,1,0,0,0,0,0,3,27,5,2.02,15,0.93,2.95,3,4,2,3,0,0,0,0,0,300
ago - dic 2019,,CAPACITOR,Mal ensamble,"109,784",4,0,0,0,0,0,0,4,36,5,2.02,15,0.93,2.95,3,4,4,0,0,0,0,0,0,240
oct - dic 2018,,CAPACITOR,Desconectado,140470,0,0,0,0,0,0,1,1,7,,,,,,,,,,,,,,,
oct - dic 2018,,CAPACITOR,Dañado,140470,0,5,0,0,0,0,1,6,43,4,,,0,0,,,0,15,0,0,0,0,48,0
oct - dic 2018,,CAPACITOR,Ausente,140470,0,1,1,0,0,0,0,2,14,,,,,,,,,,,,,,,
oct - dic 2018,,CAPACITOR,Mal ensamblado,140470,0,1,0,0,0,0,0,1,7,,,,,,,,,,,,,,,
Jul - Sep 2018,Jaguar,CAPACITOR,No lava - arnes  deconectado,128205,0,8,12,0,0,0,4,24,187,4,3.13,15,37.5,40.63,4,4,,3,5,,,,48,3584
Jul - Sep 2018,Jaguar,CAPACITOR,No agita - Mal ensamble ,128205,0,2,1,0,0,0,1,4,31,2,3.13,15,37.5,40.63,4,4,,3,5,,,,48,1792
ago - dic 2019,,Carton tag,Ausente,"109,784",0,1,0,0,0,0,0,1,9,4,0.03,1,0.06,0.09,1,4,0,3,0,0,0,0,0,48
ago - dic 2019,,Chanel bottom,Incompleto,"109,784",0,0,5,0,0,0,0,5,46,5,1.32,3,0.19,1.51,2,4,0,0,25,0,0,0,0,"1,000"
ago - dic 2019,,Channel top rear,Agrietado,"109,784",0,7,0,0,0,0,0,7,64,5,2.84,5,0.31,3.15,3,4,0,21,0,0,0,0,0,"1,260"
mayo-julio 2018,Jaguar,"CHANNEL, BOTTOM REAR",GOLPEADO X RODILLO ST.5,"129,704",0,14,0,0,0,0,0,14,108,5,1.32,5,0.24,1.55,2,2,0,42,0,0,0,0,0,840
mayo-julio 2018,Jaguar,"CHANNEL, BOTTOM REAR",GOLPE X MANIPULADOR,"129,704",0,6,0,0,0,0,0,6,46,4,1.32,5,0.24,1.55,2,2,0,18,0,0,0,0,0,288
mayo-julio 2018,Jaguar,"CHANNEL, BOTTOM REAR",BRACKET MAL ENS.,"129,704",0,5,0,0,0,0,0,5,39,4,1.32,5,0.24,1.55,2,2,0,15,0,0,0,0,0,240
mayo-julio 2018,Jaguar,"CHANNEL, BOTTOM REAR",GUSSET INF MAL ENS,"129,704",0,2,0,0,0,0,0,2,15,3,1.32,5,0.24,1.55,2,2,0,6,0,0,0,0,0,72
ago - dic 2019,,Clip arnés blanco,Mal ensamble,"109,784",0,3,0,0,0,0,0,3,27,5,1.26,20,1.24,2.5,3,4,0,9,0,0,0,0,0,540
oct - dic 2018,,Clip arnés blanco,Dañados / quebrado,140470,0,17,0,0,0,0,0,17,121,,,,,,,,,,,,,,,
oct - dic 2018,,Clip arnés blanco,Ausente,140470,0,1,0,0,0,0,0,1,7,,,,,,,,,,,,,,,
oct - dic 2018,,Clip arnés blanco,Mal ensamble,140470,0,5,0,0,0,0,0,5,36,,,,,,,,,,,,,,,
oct - dic 2018,,Clutch,Duro,140470,0,0,0,0,0,0,1,1,7,1,,,0,0,,,0,0,0,0,0,0,48,0
oct - dic 2018,,Codigo de falla,Codigo de falla,140470,0,0,0,0,0,0,1,1,7,1,,,0,0,,,0,0,0,0,0,0,48,0
ago - dic 2019,,Cover hinge assy,Lid baja rápido / Falta de torque,"109,784",702,0,0,0,0,0,0,702,6394,5,3.32,3,0.19,3.51,3,3,702,0,0,0,0,0,0,"31,590"
ago - dic 2019,,Cover hinge assy,Tiro corto,"109,784",205,0,0,0,0,0,0,205,1867,5,3.32,3,0.19,3.51,3,4,205,0,0,0,0,0,0,"12,300"
ago - dic 2019,,Cover hinge assy,Tono diferente,"109,784",41,0,0,0,0,0,0,41,373,5,3.32,3,0.19,3.51,3,4,41,0,0,0,0,0,0,"2,460"
ago - dic 2019,,Cover hinge LH y RH,Tono diferente,"109,784",551,0,0,0,0,0,0,551,5019,5,0.21,3,0.19,0.4,1,4,551,0,0,0,0,0,0,"11,020"
ago - dic 2019,,Cover hinge LH y RH,Equivocado,"109,784",39,2,1,0,0,0,0,42,383,5,0.21,3,0.19,0.4,1,4,39,6,5,0,0,0,0,"1,000"
ago - dic 2019,,Cover hinge LH y RH,Rebaba,"109,784",2,0,0,0,0,0,0,2,18,5,0.21,3,0.19,0.4,1,4,2,0,0,0,0,0,0,40
ago - dic 2019,,Cover hinge LH y RH,Tiro corto,"109,784",2,0,0,0,0,0,0,2,18,5,0.21,3,0.19,0.4,1,4,2,0,0,0,0,0,0,40
ago - dic 2019,,COVER PULLEY,Suelto,"109,784",0,0,0,0,0,0,3,3,27,5,0.72,3,0.19,0.91,1,4,0,0,0,0,0,0,144,"2,880"
ago - dic 2019,,COVER PULLEY,Flojo / falta de torque / Tornillo ausente,"109,784",0,6,6,0,0,0,1,13,118,5,0.72,3,0.19,0.91,1,4,0,18,30,0,0,0,48,"1,920"
ago - dic 2019,,COVER PULLEY,Fuera de posición,"109,784",0,0,0,0,0,0,1,1,9,4,0.72,3,0.19,0.91,1,4,0,0,0,0,0,0,48,768
ago - dic 2019,,COVER PULLEY,Ausente,"109,784",0,0,2,0,0,0,0,2,18,5,0.72,3,0.19,0.91,1,4,0,0,10,0,0,0,0,200
ago - dic 2019,,COVER PULLEY,Quebrado,"109,784",0,1,0,0,0,0,0,1,9,4,0.72,3,0.19,0.91,1,4,0,3,0,0,0,0,0,48
ago - dic 2019,,COVER PULLEY,Poste deforme,"109,784",0,1,0,0,0,0,0,1,9,4,0.72,3,0.19,0.91,1,4,0,3,0,0,0,0,0,48
ago - dic 2019,,CUP DISPENSER,Fuera de posición,"109,784",0,0,0,0,0,0,1,1,9,4,0.94,5,0.31,1.25,1,4,0,0,0,0,0,0,48,768
oct - dic 2018,,Despachador / cover dispenser,Tornillo ausente,140470,0,1,0,0,0,0,0,1,7,,,,,,,,,,,,,,,
oct - dic 2018,,Despachador / cover dispenser,syphon ausente,140470,0,1,0,0,0,0,0,1,7,,,,,,,,,,,,,,,
oct - dic 2018,,Despachador / cover dispenser,Equivocado,140470,0,1,0,0,0,0,0,1,7,,,,,,,,,,,,,,,
oct - dic 2018,,Despachador / cover dispenser,Amarillentos,140470,0,3,0,0,0,0,0,3,21,,,,,,,,,,,,,,,
oct - dic 2018,,Despachador / cover dispenser,Rayados,140470,0,0,1,0,0,0,0,1,7,,,,,,,,,,,,,,,
oct - dic 2018,,Despachador / cover dispenser,Pandeado,140470,0,0,7,0,0,0,0,7,50,,,,,,,,,,,,,,,
oct - dic 2018,,Despachador / cover dispenser,Mal ensamblado,140470,0,4,1,0,0,0,3,8,57,4,,,0,0,,,0,12,5,0,0,0,144,0
oct - dic 2018,,Despachador / cover dispenser,Ausente,140470,0,3,2,0,0,0,0,5,36,4,,,0,0,,,0,9,10,0,0,0,0,0
ago - dic 2019,,DISPENSADOR,Roto,"109,784",0,0,5,0,0,0,2,7,64,5,1.76,5,0.31,2.07,3,4,0,0,25,0,0,0,96,"7,260"
ago - dic 2019,,DISPENSADOR,Fuera de posición,"109,784",0,0,0,0,0,0,1,1,9,4,1.76,5,0.31,2.07,3,4,0,0,0,0,0,0,48,"2,304"
ago - dic 2019,,DISPENSADOR,Tono diferente,"109,784",33,0,0,0,0,0,0,33,301,5,1.76,5,0.31,2.07,3,4,33,0,0,0,0,0,0,"1,980"
ago - dic 2019,,DISPENSADOR,Mal ensamble,"109,784",31,0,0,0,0,0,0,31,282,5,1.76,5,0.31,2.07,3,4,31,0,0,0,0,0,0,"1,860"
ago - dic 2019,,DISPENSADOR,Deforme,"109,784",6,2,0,0,0,0,0,8,73,5,1.76,5,0.31,2.07,3,4,6,6,0,0,0,0,0,720
ago - dic 2019,,DISPENSADOR,Tornillo ausente,"109,784",0,0,2,0,0,0,0,2,18,5,1.76,5,0.31,2.07,3,4,0,0,10,0,0,0,0,600
ago - dic 2019,,DISPENSADOR,No de parte equivocado,"109,784",0,0,2,0,0,0,0,2,18,5,1.76,5,0.31,2.07,3,4,0,0,10,0,0,0,0,600
ago - dic 2019,,DISPENSADOR,Falta de syphon,"109,784",0,2,0,0,0,0,0,2,18,5,1.76,5,0.31,2.07,3,4,0,6,0,0,0,0,0,360
ago - dic 2019,,DISPENSADOR,Ausente,"109,784",0,1,0,0,0,0,0,1,9,4,1.76,5,0.31,2.07,3,4,0,3,0,0,0,0,0,144
ago - dic 2019,,DISPENSADOR,Tiro corto,"109,784",1,0,0,0,0,0,0,1,9,4,1.76,5,0.31,2.07,3,4,1,0,0,0,0,0,0,48
mayo-julio 2018,Jaguar,Dispensador Suavizante,Cup Ausente,"129,704",0,0,6,4,0,0,0,10,77,5,0.94,5,0.24,1.18,2,3,0,0,30,120,0,0,0,"4,500"
mayo-julio 2018,Jaguar,Dispensador Suavizante,Dañado,"129,704",0,2,0,0,0,0,1,3,23,4,0.94,5,0.24,1.18,5,3,0,6,0,0,0,0,48,"3,240"
mayo-julio 2018,Jaguar,Dispensador Suavizante,Suelto,"129,704",0,0,0,1,0,0,1,2,15,3,0.94,5,0.24,1.18,2,3,0,0,0,30,0,0,48,"1,404"
Jul - Sep 2018,Jaguar,Dispensador Suavizante,Ruido - Mal ensamble ,128205,0,6,5,1,0,0,1,13,101,4,0.93,5,12.5,13.43,2,3,,3,5,30,,,48,2064
Jul - Sep 2018,Jaguar,Dispensador Suavizante,Ruido- Quebrado ,128205,0,26,6,0,0,0,2,34,265,5,0.93,5,12.5,13.43,2,3,,,,,,,48,1440
ago - dic 2019,,Dispenser sencillo,Ausente en agitador,"109,784",0,0,2,0,0,0,0,2,18,5,0.94,3,0.19,1.13,1,4,0,0,10,0,0,0,0,200
ago - dic 2019,,Dispenser sencillo,Mal ensamblado,"109,784",0,0,1,0,0,0,0,1,9,4,0.94,3,0.19,1.13,1,4,0,0,5,0,0,0,0,80
ago - dic 2019,,Encoder,Mal ensamble / sin ensamblar,"109,784",0,8,1,0,0,0,0,9,82,5,0.68,3,0.19,0.87,1,4,0,24,5,0,0,0,0,580
ago - dic 2019,,Encoder,Invertido,"109,784",0,3,3,0,0,0,0,6,55,5,0.68,3,0.19,0.87,1,4,0,9,15,0,0,0,0,480
ago - dic 2019,,Encoder,Falla funcional / no inicia prueba,"109,784",2,0,1,0,0,0,0,3,27,5,0.68,3,0.19,0.87,1,4,2,0,5,0,0,0,0,140
oct - dic 2018,,Encoder,Conector dañado,140470,0,1,0,0,0,0,0,1,7,,,,,,,,,,,,,,,
oct - dic 2018,,Encoder,Quebrados,140470,0,3,1,0,0,0,0,4,28,,,,,,,,,,,,,,,
oct - dic 2018,,Encoder,Falta de foam,140470,0,1,1,0,0,0,0,2,14,,,,,,,,,,,,,,,
oct - dic 2018,,Encoder,Equivocado,140470,0,0,1,0,0,0,0,1,7,,,,,,,,,,,,,,,
oct - dic 2018,,Encoder,Conector mal ensamblado,140470,0,0,1,0,0,0,0,1,7,,,,,,,,,,,,,,,
oct - dic 2018,,Encoder,Ausente,140470,0,15,13,0,0,0,0,28,199,,,,,,,,,,,,,,,
oct - dic 2018,,Encoder,Quemado / dañado,140470,0,3,1,0,0,0,2,6,43,4,,,0,0,,,0,9,5,0,0,0,96,0
ago - dic 2019,,Etiqueta autolevel,Ausente,"109,784",0,3,0,0,0,0,0,3,27,5,0.06,2,0.12,0.18,1,4,0,9,0,0,0,0,0,180
ago - dic 2019,,Etiqueta autolevel,Burbuja,"109,784",0,3,0,0,0,0,0,3,27,5,0.06,2,0.12,0.18,1,4,0,9,0,0,0,0,0,180
ago - dic 2019,,Etiqueta capacidad,Ausente,"109,784",0,2,0,0,0,0,0,2,18,5,0.02,2,0.12,0.14,1,4,0,6,0,0,0,0,0,120
ago - dic 2019,,Etiqueta conagua,Ausentes,"109,784",0,3,1,0,0,0,0,4,36,5,0.1,2,0.12,0.22,1,4,0,9,5,0,0,0,0,280
ago - dic 2019,,Etiqueta de advertencia,Incompleto,"109,784",0,15,0,0,0,0,0,15,137,5,0.01,2,0.12,0.13,1,4,0,45,0,0,0,0,0,900
ago - dic 2019,,Etiqueta de advertencia,Despegado,"109,784",0,3,0,0,0,0,0,3,27,5,0.01,2,0.12,0.13,1,4,0,9,0,0,0,0,0,180
ago - dic 2019,,Etiqueta de atención,Ausentes,"109,784",0,2,1,0,0,0,0,3,27,5,0.02,2,0.12,0.14,1,4,0,6,5,0,0,0,0,220
ago - dic 2019,,Etiqueta de energía,Ausente,"109,784",0,30,6,0,0,0,0,36,328,5,0.02,2,0.12,0.14,1,4,0,90,30,0,0,0,0,"2,400"
ago - dic 2019,,Etiqueta garanía,Ausente,"109,784",0,7,0,0,0,0,0,7,64,5,0.02,2,0.12,0.14,1,4,0,21,0,0,0,0,0,420
ago - dic 2019,,Etiqueta Serial,Ausente,"109,784",0,1,0,0,0,0,0,1,9,4,0.02,2,0.12,0.14,1,4,0,3,0,0,0,0,0,48
ago - dic 2019,,Fascia,Serigrafía incompleta,"109,784",40,155,7,0,0,0,0,202,1840,5,8.79,15,0.93,9.72,4,2,40,465,35,0,0,0,0,"21,600"
ago - dic 2019,,Fascia,Modelo equivocado,"109,784",14,21,3,0,0,0,0,38,346,5,8.79,15,0.93,9.72,4,4,14,63,15,0,0,0,0,"7,360"
ago - dic 2019,,Fascia,Serigrafía movida,"109,784",3,3,8,0,0,0,0,14,128,5,8.79,15,0.93,9.72,4,4,3,9,40,0,0,0,0,"4,160"
ago - dic 2019,,Fascia,Boton trabado,"109,784",0,0,0,0,0,0,1,1,9,4,8.79,15,0.93,9.72,4,4,0,0,0,0,0,0,48,"3,072"
ago - dic 2019,,Fascia,Overlay con burbuja / grumo,"109,784",43,13,11,0,0,0,0,67,610,5,8.79,15,0.93,9.72,4,1,43,39,55,0,0,0,0,"2,740"
ago - dic 2019,,Fascia,Conector mal ensamblado encoder / sin ensamblar,"109,784",0,8,2,0,0,0,0,10,91,5,8.79,15,0.93,9.72,4,4,0,24,10,0,0,0,0,"2,720"
ago - dic 2019,,Fascia,Overlay marcado / Rayado,"109,784",29,0,0,0,0,0,0,29,264,5,8.79,15,0.93,9.72,4,4,29,0,0,0,0,0,0,"2,320"
ago - dic 2019,,Fascia,Perilla ausente,"109,784",0,3,4,0,0,0,0,7,64,5,8.79,15,0.93,9.72,4,4,0,9,20,0,0,0,0,"2,320"
ago - dic 2019,,Fascia,Led opaco,"109,784",24,0,0,0,0,0,0,24,219,5,8.79,15,0.93,9.72,4,4,24,0,0,0,0,0,0,"1,920"
ago - dic 2019,,Fascia,Golpe/quebrado,"109,784",22,0,0,0,0,0,0,22,200,5,8.79,15,0.93,9.72,4,4,22,0,0,0,0,0,0,"1,760"
ago - dic 2019,,Fascia,Poste deforme,"109,784",0,3,0,0,0,0,0,3,27,5,8.79,15,0.93,9.72,4,4,0,9,0,0,0,0,0,720
ago - dic 2019,,Fascia,Botón fuera de especificación,"109,784",5,1,0,0,0,0,0,6,55,5,8.79,15,0.93,9.72,4,4,5,3,0,0,0,0,0,640
ago - dic 2019,,Fascia,Tiro corto,"109,784",3,1,0,0,0,0,0,4,36,5,8.79,15,0.93,9.72,4,4,3,3,0,0,0,0,0,480
ago - dic 2019,,Fascia,Perilla número de parte equivocado,"109,784",0,2,0,0,0,0,0,2,18,5,8.79,15,0.93,9.72,4,4,0,6,0,0,0,0,0,480
ago - dic 2019,,Fascia,Cable roto de encoder,"109,784",0,0,1,0,0,0,0,1,9,4,8.79,15,0.93,9.72,4,4,0,0,5,0,0,0,0,320
ago - dic 2019,,Fascia,Contaminada,"109,784",0,0,1,0,0,0,0,1,9,4,8.79,15,0.93,9.72,4,4,0,0,5,0,0,0,0,320
ago - dic 2019,,Fascia,Overlay despegado,"109,784",0,0,1,0,0,0,0,1,9,4,8.79,15,0.93,9.72,4,4,0,0,5,0,0,0,0,320
ago - dic 2019,,Fascia,Rebaba,"109,784",3,0,0,0,0,0,0,3,27,5,8.79,15,0.93,9.72,4,4,3,0,0,0,0,0,0,240
ago - dic 2019,,Fascia,Poste quebrado,"109,784",2,0,0,0,0,0,0,2,18,5,8.79,15,0.93,9.72,4,4,2,0,0,0,0,0,0,160
ago - dic 2019,,Fascia,Overlay movido,"109,784",1,0,0,0,0,0,0,1,9,4,8.79,15,0.93,9.72,4,4,1,0,0,0,0,0,0,64
ago - dic 2019,,Fascia,Pandeada,"109,784",1,0,0,0,0,0,0,1,9,4,8.79,15,0.93,9.72,4,4,1,0,0,0,0,0,0,64
ago - dic 2019,,Fascia,Orificio tapado,"109,784",1,0,0,0,0,0,0,1,9,4,8.79,15,0.93,9.72,4,4,1,0,0,0,0,0,0,64
mayo-julio 2018,Jaguar,Gabinete,Lamina sumida,"129,704",0,1,10,0,0,0,3,14,108,5,25.69,20,0.96,26.64,5,3,0,3,50,0,0,0,144,"14,775"
mayo-julio 2018,Jaguar,Gabinete,GOLPEADO ST.5,"129,704",0,14,0,0,0,0,0,14,108,5,11.5,5,0.24,11.74,5,2,0,42,0,0,0,0,0,"2,100"
mayo-julio 2018,Jaguar,Gabinete,BRACKET MAL ENS.,"129,704",0,5,0,0,0,0,0,5,39,4,11.5,5,0.24,11.74,5,3,0,15,0,0,0,0,0,900
mayo-julio 2018,Jaguar,Gabinete,GOLPE X MANIPULADOR (MTTO),"129,704",0,6,0,0,0,0,0,6,46,4,11.5,5,0.24,11.74,5,2,0,18,0,0,0,0,0,720
ago - dic 2019,,Gabinete,Doblez deformado,"109,784",0,2,0,0,0,0,0,2,18,5,11.76,5,0.31,12.07,5,4,0,6,0,0,0,0,0,600
ago - dic 2019,,Gabinete,Marca de rebaba,"109,784",0,0,1,0,0,0,0,1,9,4,11.76,5,0.31,12.07,5,4,0,0,5,0,0,0,0,400
ago - dic 2019,,Gabinete,Desprendimiento de pintura,"109,784",0,0,1,0,0,0,0,1,9,4,11.76,5,0.31,12.07,5,4,0,0,5,0,0,0,0,400
oct - dic 2018,,Gabinete,Golpeado / dañado,140470,0,2,68,0,0,0,4,74,527,5,,,0,0,,,0,6,340,0,0,0,192,0
oct - dic 2018,,Gabinete,Rayados / marcas,140470,0,0,5,0,0,0,0,5,36,,,,,,,,,,,,,,,
oct - dic 2018,,Gabinete,Contaminados,140470,0,0,1,0,0,0,0,1,7,,,,,,,,,,,,,,,
mayo-julio 2018,Jaguar,Guia Rápida,Equivocada,"129,704",0,0,0,1,0,0,0,1,8,1,0.26,5,0.24,0.5,1,2,0,0,0,30,0,0,0,60
mayo-julio 2018,Jaguar,Gusset,GUSSET INF MAL ENS,"129,704",0,3,0,0,0,0,0,3,23,4,11.5,5,0.24,11.74,5,3,0,9,0,0,0,0,0,540
mayo-julio 2018,Jaguar,"GUSSET, BOTTOM FRONT",GOLPEADO  ST.5,"129,704",0,28,0,0,0,0,0,28,216,5,0.25,5,0.24,0.49,1,3,0,84,0,0,0,0,0,"1,260"
mayo-julio 2018,Jaguar,"GUSSET, BOTTOM FRONT",GOLPE X MANIPULADOR (MTTO),"129,704",0,12,0,0,0,0,0,12,93,5,0.25,5,0.24,0.49,1,3,0,36,0,0,0,0,0,540
mayo-julio 2018,Jaguar,"GUSSET, BOTTOM FRONT",BRACKET MAL ENS.,"129,704",0,10,0,0,0,0,0,10,77,5,0.25,5,0.24,0.49,1,3,0,30,0,0,0,0,0,450
mayo-julio 2018,Jaguar,"GUSSET, BOTTOM FRONT",GUSSET INF MAL ENS,"129,704",0,4,0,0,0,0,0,4,31,4,0.26,5,0.24,0.49,1,3,0,12,0,0,0,0,0,144
mayo-julio 2018,Jaguar,"GUSSET, TOP FRONT",GOLPEADO X RODILLO ST.5,"129,704",0,23,0,0,0,0,0,23,177,5,0.25,5,0.24,0.49,1,3,0,69,0,0,0,0,0,"1,035"
mayo-julio 2018,Jaguar,"GUSSET, TOP FRONT",GOLPE X MANIPULADOR (MTTO),"129,704",0,12,0,0,0,0,0,12,93,5,0.25,5,0.24,0.49,1,3,0,36,0,0,0,0,0,540
mayo-julio 2018,Jaguar,"GUSSET, TOP FRONT",BRACKET MAL ENS.,"129,704",0,10,0,0,0,0,0,10,77,5,0.25,5,0.24,0.49,1,3,0,30,0,0,0,0,0,450
mayo-julio 2018,Jaguar,"GUSSET, TOP FRONT",GUSSET INF MAL ENS,"129,704",0,4,0,0,0,0,0,4,31,4,0.25,5,0.24,0.49,1,3,0,12,0,0,0,0,0,144
mayo-julio 2018,Jaguar,Impeller,Traslucido,"129,704",1,0,0,1,0,0,0,2,15,3,1.73,5,0.24,1.97,2,2,1,0,0,30,0,0,0,372
ago - dic 2019,,Impeller,Tornillo barrido,"109,784",0,10,2,0,0,0,0,12,109,5,1.6,5,0.31,1.91,3,4,0,30,10,0,0,0,0,"2,400"
ago - dic 2019,,Impeller,Rebaba,"109,784",3,0,3,0,0,0,0,6,55,5,1.6,5,0.31,1.91,3,4,3,0,15,0,0,0,0,"1,080"
ago - dic 2019,,Impeller,Mal ensamble a base basket / pre-colocación de tornillo,"109,784",0,2,0,0,0,0,0,2,18,5,1.6,5,0.31,1.91,3,4,0,6,0,0,0,0,0,360
ago - dic 2019,,Inner tray,Rotos,"109,784","10,115",0,0,0,0,0,0,"10,115",92135,5,0.31,2,0.12,0.43,1,3,"10,115",0,0,0,0,0,0,"151,725"
ago - dic 2019,,Inner tray,Fuera de especificación / Deformes / Falta pestaña / Mal cortada / Mal troquedala / Incompleta,"109,784","1,273",0,0,0,0,0,0,"1,273",11595,5,0.31,2,0.12,0.43,1,3,"1,273",0,0,0,0,0,0,"19,095"
ago - dic 2019,,Inner tray,Despegados,"109,784",664,0,0,0,0,0,0,664,6048,5,0.31,2,0.12,0.43,1,4,664,0,0,0,0,0,0,"13,280"
ago - dic 2019,,Inner tray,Se trozan al doblar,"109,784",313,0,0,0,0,0,0,313,2851,5,0.31,2,0.12,0.43,1,4,313,0,0,0,0,0,0,"6,260"
ago - dic 2019,,Inner tray,Carton duro,"109,784",22,0,0,0,0,0,0,22,200,5,0.31,2,0.12,0.43,1,4,22,0,0,0,0,0,0,440
ago - dic 2019,,Inner tray,Mal pegadas,"109,784",4,0,0,0,0,0,0,4,36,5,0.31,2,0.12,0.43,1,4,4,0,0,0,0,0,0,80
ago - dic 2019,,LABEL - 10 YEARS WARRANTY,Mal impresa,"109,784",402,0,0,0,0,0,0,402,3662,5,0.04,3,0.19,0.23,1,4,402,0,0,0,0,0,0,"8,040"
ago - dic 2019,,LABEL - PROD REG,Mal impresa,"109,784",23,0,0,0,0,0,0,23,210,5,0.06,2,0.12,0.18,1,4,23,0,0,0,0,0,0,460
ago - dic 2019,,LABEL SCALE LEVEL,Equivocado,"109,784",500,10,0,0,0,0,0,510,4645,5,0.31,5,0.31,0.62,1,4,500,30,0,0,0,0,0,"10,600"
ago - dic 2019,,LABEL SCALE LEVEL,Ausentes,"109,784",0,9,7,0,0,0,0,16,146,5,0.31,5,0.31,0.62,1,4,0,27,35,0,0,0,0,"1,240"
ago - dic 2019,,LABEL SCALE LEVEL,Mal posicionado,"109,784",0,2,0,0,0,0,0,2,18,5,0.31,5,0.31,0.62,1,4,0,6,0,0,0,0,0,120
ago - dic 2019,,LABEL SCALE LEVEL,Colocada al reves,"109,784",0,0,1,0,0,0,0,1,9,4,0.31,5,0.31,0.62,1,4,0,0,5,0,0,0,0,80
ago - dic 2019,,LABEL SCALE LEVEL,Despegado,"109,784",0,1,0,0,0,0,0,1,9,4,0.31,5,0.31,0.62,1,4,0,3,0,0,0,0,0,48
ago - dic 2019,,LID,Ruido,"109,784",0,0,0,1,0,0,7,8,73,5,12.17,3,0.19,12.36,5,3,0,0,0,30,0,0,336,"27,450"
ago - dic 2019,,LID,"Golpeado, agrietado, quebrado","109,784",0,0,2,0,0,0,0,2,18,5,12.17,3,0.19,12.36,5,4,0,0,10,0,0,0,0,"1,000"
ago - dic 2019,,LID,Bumper ausente,"109,784",2,2,0,0,0,0,0,4,36,5,12.17,3,0.19,12.36,5,4,2,6,0,0,0,0,0,800
ago - dic 2019,,LID,Mal ensamble de bisagras,"109,784",0,1,1,0,0,0,0,2,18,5,12.17,3,0.19,12.36,5,4,0,3,5,0,0,0,0,800
ago - dic 2019,,LID,Contaminado,"109,784",0,0,1,0,0,0,0,1,9,4,12.17,3,0.19,12.36,5,4,0,0,5,0,0,0,0,400
mayo-julio 2018,Jaguar,LID LOCK,Mal ensamble,"129,704",0,0,16,0,0,0,8,24,185,5,2.65,15,0.72,3.37,3,4,0,0,80,0,0,0,384,"27,840"
mayo-julio 2018,Jaguar,LID LOCK,Quebrado,"129,704",0,0,0,0,0,0,4,4,31,4,2.65,15,0.72,3.37,3,4,0,0,0,0,0,0,192,"9,216"
mayo-julio 2018,Jaguar,LID LOCK,En  corto,"129,704",0,0,0,0,0,0,3,3,23,4,2.65,15,0.72,3.37,3,4,0,0,0,0,0,0,144,"6,912"
mayo-julio 2018,Jaguar,LID LOCK,Dañado,"129,704",0,0,0,0,0,0,2,2,15,3,2.65,15,0.72,3.37,3,4,0,0,0,0,0,0,96,"3,456"
mayo-julio 2018,Jaguar,LID LOCK,Abierto,"129,704",0,0,0,0,0,0,2,2,15,3,2.65,15,0.72,3.37,3,4,0,0,0,0,0,0,96,"3,456"
mayo-julio 2018,Jaguar,LID LOCK,Desconectado,"129,704",0,0,0,0,0,0,1,1,8,1,2.65,15,0.72,3.37,3,4,0,0,0,0,0,0,48,576
mayo-julio 2018,Jaguar,LID LOCK,Pegado,"129,704",0,0,0,0,0,0,1,1,8,1,2.65,15,0.72,3.37,3,4,0,0,0,0,0,0,48,576
mayo-julio 2018,Jaguar,LID LOCK,No lava,"129,704",0,0,0,0,0,0,1,1,8,1,2.65,15,0.72,3.37,3,4,0,0,0,0,0,0,48,576
mayo-julio 2018,Jaguar,LID LOCK,Quemado,"129,704",0,0,0,0,0,0,1,1,8,1,2.65,15,0.72,3.37,3,4,0,0,0,0,0,0,48,576
ago - dic 2019,,LID LOCK,En corto / No candadea / Falla funcional,"109,784",1,0,5,0,0,0,3,9,82,5,3.75,15,0.93,4.68,4,4,1,0,25,0,0,0,144,"13,600"
ago - dic 2019,,LID LOCK,Fuera de posición,"109,784",0,1,2,0,0,0,1,4,36,5,3.75,15,0.93,4.68,4,4,0,3,10,0,0,0,48,"4,880"
ago - dic 2019,,LID LOCK,Desajustado,"109,784",0,0,0,0,0,0,1,1,9,4,3.75,15,0.93,4.68,4,4,0,0,0,0,0,0,48,"3,072"
ago - dic 2019,,LID LOCK,Candadeado/Activado,"109,784",7,0,0,0,0,0,0,7,64,5,3.75,15,0.93,4.68,4,4,7,0,0,0,0,0,0,560
ago - dic 2019,,LID LOCK,Tiro corto,"109,784",4,0,0,0,0,0,0,4,36,5,3.75,15,0.93,4.68,4,4,4,0,0,0,0,0,0,320
ago - dic 2019,,LID LOCK,Quebrado / dañado,"109,784",0,0,1,0,0,0,0,1,9,4,3.75,15,0.93,4.68,4,4,0,0,5,0,0,0,0,320
ago - dic 2019,,LID LOCK,Falta cincho,"109,784",2,0,0,0,0,0,0,2,18,5,3.75,15,0.93,4.68,4,4,2,0,0,0,0,0,0,160
ago - dic 2019,,LID LOCK,Cable expuesto,"109,784",1,0,0,0,0,0,0,1,9,4,3.75,15,0.93,4.68,4,4,1,0,0,0,0,0,0,64
ago - dic 2019,,LID LOCK,Se apaga unidad,"109,784",1,0,0,0,0,0,0,1,9,4,3.75,15,0.93,4.68,4,4,1,0,0,0,0,0,0,64
oct - dic 2018,,LID LOCK,abierto,140470,0,0,0,0,0,0,9,9,64,5,,,0,0,,,0,0,0,0,0,0,432,0
oct - dic 2018,,LID LOCK,Mal ensamblado,140470,0,1,5,1,0,0,6,13,93,5,,,0,0,,,0,3,25,30,0,0,288,0
oct - dic 2018,,LID LOCK,dañado / quebrado,140470,0,1,0,0,0,0,5,6,43,4,,,0,0,,,0,3,0,0,0,0,240,0
oct - dic 2018,,LID LOCK,no cierra,140470,0,0,0,0,0,0,1,1,7,1,,,0,0,,,0,0,0,0,0,0,48,0
oct - dic 2018,,LID LOCK,desconectado,140470,0,1,32,0,0,0,1,34,242,5,,,0,0,,,0,3,160,0,0,0,48,0
oct - dic 2018,,LID LOCK,Desajustado,140470,0,1,0,0,0,0,1,2,14,2,,,0,0,,,0,3,0,0,0,0,48,0
oct - dic 2018,,LID LOCK,Atorado,140470,0,0,0,0,0,0,1,1,7,1,,,0,0,,,0,0,0,0,0,0,48,0
Jul - Sep 2018,Jaguar,LID LOCK,Desajustado/suelto/en corto ,128205,0,25,40,1,0,0,14,80,624,5,2.5,20,50,52.5,4,4,,3,5,30,,,48,6880
Jul - Sep 2018,Jaguar,LID LOCK,No inicia ciclos- Dañado/roto ,128205,0,27,2,0,0,0,4,33,257,5,2.5,20,50,52.5,4,4,,3,5,,,,48,4480
oct - dic 2018,,LID LOCK,Ausente,140470,0,1,0,0,0,0,0,1,7,,,,,,,,,,,,,,,
ago - dic 2019,,Lid metalico,Tornillo mal ensamblado,"109,784",0,40,3,0,0,0,0,43,392,5,4.79,3,0.19,4.98,4,4,0,120,15,0,0,0,0,"10,800"
ago - dic 2019,,Lid metalico,Tornillo ausente,"109,784",0,1,2,0,0,0,0,3,27,5,4.79,3,0.19,4.98,4,4,0,3,10,0,0,0,0,"1,040"
ago - dic 2019,,Lid metalico,Golpeado,"109,784",0,1,1,0,0,0,0,2,18,5,4.79,3,0.19,4.98,4,4,0,3,5,0,0,0,0,640
ago - dic 2019,,Lid metalico,Visagra con mal ensamble,"109,784",0,0,1,0,0,0,0,1,9,4,4.79,3,0.19,4.98,4,4,0,0,5,0,0,0,0,320
ago - dic 2019,,Lid metalico,Bumper ausente,"109,784",0,0,1,0,0,0,0,1,9,4,4.79,3,0.19,4.98,4,4,0,0,5,0,0,0,0,320
ago - dic 2019,,Lid metalico,Strike hook ausente,"109,784",0,0,1,0,0,0,0,1,9,4,4.79,3,0.19,4.98,4,4,0,0,5,0,0,0,0,320
ago - dic 2019,,Lid metalico,Strike hook mal ensamblado,"109,784",0,1,0,0,0,0,0,1,9,4,4.79,3,0.19,4.98,4,4,0,3,0,0,0,0,0,192
ago - dic 2019,,Lid Plastico,Bisagra mal ensamble,"109,784",0,120,0,0,0,0,0,120,1093,5,12.17,3,0.19,12.36,5,3,0,360,0,0,0,0,0,"27,000"
ago - dic 2019,,Lid Plastico,Hinge bracket equivocado,"109,784",0,48,0,0,0,0,0,48,437,5,12.17,3,0.19,12.36,5,3,0,144,0,0,0,0,0,"10,800"
ago - dic 2019,,Lid Plastico,Equivocado,"109,784",24,7,0,0,0,0,0,31,282,5,12.17,3,0.19,12.36,5,4,24,21,0,0,0,0,0,"4,500"
ago - dic 2019,,Lid Plastico,Dañado / rayado,"109,784",5,1,0,0,0,0,0,6,55,5,12.17,3,0.19,12.36,5,4,5,3,0,0,0,0,0,800
ago - dic 2019,,Lid Plastico,Cover hinge equivocado,"109,784",0,1,0,0,0,0,0,1,9,4,12.17,3,0.19,12.36,5,4,0,3,0,0,0,0,0,240
ago - dic 2019,,Lid Plastico,Bumper mal ensamblado,"109,784",1,0,0,0,0,0,0,1,9,4,12.17,3,0.19,12.36,5,4,1,0,0,0,0,0,0,80
ago - dic 2019,,Lid vidrio,Esquina despegada / Lid despegado,"109,784",2,0,0,1,0,0,0,3,27,5,12.17,3,0.19,12.36,5,4,2,0,0,30,0,0,0,"3,200"
oct - dic 2018,,Llenado lento,Llenado lento,140470,0,0,0,0,0,0,1,1,7,1,,,0,0,,,0,0,0,0,0,0,48,0
oct - dic 2018,,Manguera,sin manguera,140470,0,0,0,0,0,0,1,1,7,1,,,0,0,,,0,0,0,0,0,0,48,0
oct - dic 2018,,Manguera,roto,140470,0,0,0,0,0,0,1,1,7,1,,,0,0,,,0,0,0,0,0,0,48,0
oct - dic 2018,,Manguera,desconectada,140470,0,0,0,0,0,0,1,1,7,1,,,0,0,,,0,0,0,0,0,0,48,0
ago - dic 2019,,MANGUERA APS,Doblada,"109,784",702,0,0,0,0,0,1,703,6403,5,4.42,5,0.31,4.73,4,4,702,0,0,0,0,0,48,"60,000"
ago - dic 2019,,MANGUERA APS,Desconectada / sin ensamblar,"109,784",0,3,4,0,0,0,1,8,73,5,4.42,5,0.31,4.73,4,4,0,9,20,0,0,0,48,"6,160"
ago - dic 2019,,MANGUERA APS,Contaminación / sucias,"109,784",0,2,1,0,0,0,0,3,27,5,4.42,5,0.31,4.73,4,4,0,6,5,0,0,0,0,880
oct - dic 2018,,MANGUERA APS,Mal ensamblado,140470,0,17,19,0,0,0,5,41,292,5,,,0,0,,,0,51,95,0,0,0,240,0
oct - dic 2018,,MANGUERA APS,Con grasa,140470,0,0,1,0,0,0,0,1,7,,,,,,,,,,,,,,,
oct - dic 2018,,MANGUERA APS,Ausente,140470,0,0,1,0,0,0,0,1,7,,,,,,,,,,,,,,,
oct - dic 2018,,MANGUERA APS,Pivote quebrado,140470,0,1,0,0,0,0,0,1,7,,,,,,,,,,,,,,,
Jul - Sep 2018,Jaguar,MANGUERA APS,No enciende- Mal ruteo ,128205,0,0,2,0,0,0,2,4,31,2,0.5,5,12.5,13,2,4,,,5,,,,48,848
mayo-julio 2018,Jaguar,Manguera APS - Preostato,Mal ensamble,"129,704",0,2,2,0,0,0,3,7,54,4,3.06,5,0.24,3.3,3,4,0,6,10,0,0,0,144,"7,680"
mayo-julio 2018,Jaguar,Manguera Bomba,Con fisura,"129,704",0,0,0,1,0,0,1,2,15,3,0.57,15,0.72,1.28,2,3,0,0,0,30,0,0,48,"1,404"
mayo-julio 2018,Jaguar,Manguera Bomba,Mal ensamble,"129,704",0,1,0,0,0,0,1,2,15,3,0.57,15,0.72,1.29,2,4,0,3,0,0,0,0,48,"1,224"
Jul - Sep 2018,Jaguar,Manguera Bomba,No corta flujo/ tira agua- Suelta ,128205,0,11,19,0,0,0,2,32,250,5,0.5,5,12.5,13,2,4,,3,5,,,,48,2240
ago - dic 2019,,MANGUERA DRENADO,Faltante,"109,784",0,0,0,0,0,0,2,2,18,5,0.66,2,0.12,0.78,1,4,0,0,0,0,0,0,96,"1,920"
ago - dic 2019,,MANGUERA DRENADO,Rota,"109,784",0,0,0,0,0,0,1,1,9,4,0.66,2,0.12,0.78,1,4,0,0,0,0,0,0,48,768
ago - dic 2019,,MANGUERA DRENADO,Falta de guía,"109,784",2,0,0,0,0,0,0,2,18,5,0.66,2,0.12,0.78,1,4,2,0,0,0,0,0,0,40
ago - dic 2019,,MANGUERA DRENADO,Rota,"109,784",0,0,0,1,0,0,1,2,18,5,0.53,5,0.31,0.84,1,4,0,0,0,30,0,0,48,"1,560"
mayo-julio 2018,Jaguar,MANGUERA DRENADO,Falta de manguera de drenado,"129,704",0,0,0,0,0,0,3,3,23,4,0.57,5,0.24,0.81,1,4,0,0,0,0,0,0,144,"2,304"
mayo-julio 2018,Jaguar,MANGUERA DRENADO,Con poros,"129,704",1,0,0,0,0,0,1,2,15,3,0.57,5,0.24,0.81,1,3,1,0,0,0,0,0,48,441
mayo-julio 2018,Jaguar,MANGUERA DRENADO,Sin abrazadera,"129,704",0,0,0,0,0,0,1,1,8,1,0.57,5,0.24,0.81,1,4,0,0,0,0,0,0,48,192
oct - dic 2018,,MANGUERA DRENADO,Manguera desague alta,140470,0,0,0,0,0,0,1,1,7,1,,,0,0,,,0,0,0,0,0,0,48,0
oct - dic 2018,,MANGUERA DRENADO,Sin ensambar,140470,0,1,1,0,0,0,0,2,14,,,,,,,,,,,,,,,
Jul - Sep 2018,Jaguar,MANGUERA DRENADO,Rota,128205,0,0,0,0,0,0,3,3,23,1,0.5,5,12.5,13,2,3,,,,,,,48,288
ago - dic 2019,,MANGUERA DRENADO,Tamaño diferente al requerido,"109,784",0,0,0,0,0,0,1,1,9,4,0.67,2,0.12,0.79,1,4,0,0,0,0,0,0,48,768
ago - dic 2019,,Mega,Falla funcional / no enciende,"109,784",4,69,66,0,0,0,0,139,1266,5,4.17,10,0.62,4.79,4,4,4,207,330,0,0,0,0,"43,280"
ago - dic 2019,,Mega,Quebrada / rayada / golpeada,"109,784",0,0,9,0,0,0,0,9,82,5,4.17,10,0.62,4.79,4,4,0,0,45,0,0,0,0,"3,600"
ago - dic 2019,,Mega,Leds encendidos (dañada),"109,784",3,0,0,1,0,0,0,4,36,5,4.17,10,0.62,4.79,4,4,3,0,0,30,0,0,0,"2,640"
ago - dic 2019,,Mega,Falla de led,"109,784",2,1,4,0,0,0,0,7,64,5,4.17,10,0.62,4.79,4,4,2,3,20,0,0,0,0,"2,000"
ago - dic 2019,,Mega,Conector mal ensamblado / sin ensamblar,"109,784",2,1,1,0,0,0,0,4,36,5,4.17,10,0.62,4.79,4,4,2,3,5,0,0,0,0,800
ago - dic 2019,,Mega,Boton ausente,"109,784",0,0,2,0,0,0,0,2,18,5,4.17,10,0.62,4.79,4,4,0,0,10,0,0,0,0,800
ago - dic 2019,,Mega,Conector quebrado,"109,784",0,0,2,0,0,0,0,2,18,5,4.17,10,0.62,4.79,4,4,0,0,10,0,0,0,0,800
ago - dic 2019,,Mega,No realiza prueba,"109,784",4,1,0,0,0,0,0,5,46,5,4.17,10,0.62,4.79,4,4,4,3,0,0,0,0,0,560
ago - dic 2019,,Mega,Dañado,"109,784",0,1,0,0,0,0,0,1,9,4,4.17,10,0.62,4.79,4,4,0,3,0,0,0,0,0,192
ago - dic 2019,,Mega,Arnes dañado,"109,784",1,0,0,0,0,0,0,1,9,4,4.17,10,0.62,4.79,4,4,1,0,0,0,0,0,0,64
ago - dic 2019,,Mega,Led candado equivocado,"109,784",1,0,0,0,0,0,0,1,9,4,4.17,10,0.62,4.79,4,4,1,0,0,0,0,0,0,64
Jul - Sep 2018,Jaguar,Metal lid ,Doblada/Mal ensamble,128205,0,6,9,0,0,0,3,18,140,4,0.2,5,12.5,12.7,1,3,,3,5,,,,48,672
oct - dic 2018,,Modo de protección,Modo de protección,140470,0,0,0,0,0,0,1,1,7,1,,,0,0,,,0,0,0,0,0,0,48,0
mayo-julio 2018,Jaguar,MOTOR,Dañado,"129,704",0,2,5,0,0,0,2,9,69,5,8.6,20,0.96,9.56,5,4,0,6,25,0,0,0,96,"12,700"
mayo-julio 2018,Jaguar,MOTOR,Ruido,"129,704",1,0,1,1,0,0,1,4,31,4,8.6,20,0.96,9.56,5,4,1,0,5,30,0,0,48,"6,720"
ago - dic 2019,,MOTOR,Tornillo barrido / Falta de torque,"109,784",0,21,56,0,0,0,0,77,701,5,16.3,20,1.24,17.54,5,4,0,63,280,0,0,0,0,"34,300"
ago - dic 2019,,MOTOR,En corto / falla funcional,"109,784",2,0,8,0,0,0,2,12,109,5,16.3,20,1.24,17.54,5,4,2,0,40,0,0,0,96,"13,800"
ago - dic 2019,,MOTOR,Ruido,"109,784",2,0,0,1,0,0,0,3,27,5,16.3,20,1.24,17.54,5,4,2,0,0,30,0,0,0,"3,200"
ago - dic 2019,,MOTOR,Tornillo ausente,"109,784",2,1,5,0,0,0,0,8,73,5,16.3,20,1.24,17.54,5,4,2,3,25,0,0,0,0,"3,000"
ago - dic 2019,,MOTOR,Agrietados / con golpes / quebrados,"109,784",0,2,3,0,0,0,0,5,46,5,16.3,20,1.24,17.54,5,4,0,6,15,0,0,0,0,"2,100"
ago - dic 2019,,MOTOR,Cable suelto,"109,784",0,0,2,0,0,0,0,2,18,5,16.3,20,1.24,17.54,5,4,0,0,10,0,0,0,0,"1,000"
ago - dic 2019,,MOTOR,Falla en agitación,"109,784",3,0,0,0,0,0,0,3,27,5,16.3,20,1.24,17.54,5,4,3,0,0,0,0,0,0,300
ago - dic 2019,,MOTOR,Embobinado dañado,"109,784",2,0,0,0,0,0,0,2,18,5,16.3,20,1.24,17.54,5,4,2,0,0,0,0,0,0,200
ago - dic 2019,,MOTOR,Abanico quebrado,"109,784",1,0,0,0,0,0,0,1,9,4,16.3,20,1.24,17.54,5,4,1,0,0,0,0,0,0,80
ago - dic 2019,,MOTOR,Falla ccw,"109,784",1,0,0,0,0,0,0,1,9,4,16.3,20,1.24,17.54,5,4,1,0,0,0,0,0,0,80
ago - dic 2019,,MOTOR,Falta de etiqueta,"109,784",1,0,0,0,0,0,0,1,9,4,16.3,20,1.24,17.54,5,4,1,0,0,0,0,0,0,80
oct - dic 2018,,MOTOR,Abierto / en corto,140470,0,0,0,0,0,0,6,6,43,4,,,0,0,,,0,0,0,0,0,0,288,0
oct - dic 2018,,MOTOR,quemado,140470,0,0,0,0,0,0,1,1,7,1,,,0,0,,,0,0,0,0,0,0,48,0
oct - dic 2018,,MOTOR,desconectado,140470,0,0,0,0,0,0,1,1,7,1,,,0,0,,,0,0,0,0,0,0,48,0
oct - dic 2018,,MOTOR,Terminal suelta,140470,0,1,0,0,0,0,0,1,7,,,,,,,,,,,,,,,
oct - dic 2018,,MOTOR,Dañado,140470,0,7,12,0,0,0,0,19,135,,,,,,,,,,,,,,,
oct - dic 2018,,MOTOR,Tornillos barridos,140470,0,38,0,0,0,0,0,38,271,,,,,,,,,,,,,,,
oct - dic 2018,,MOTOR,Falta de torque,140470,0,3,0,0,0,0,0,3,21,,,,,,,,,,,,,,,
Jul - Sep 2018,Jaguar,MOTOR,No lava- anes suelto,128205,0,0,1,0,0,0,2,3,23,1,9.5,30,75,84.5,5,4,,,5,,,,48,1060
Jul - Sep 2018,Jaguar,MOTOR,Ruido- desajustado,128205,0,20,2,0,0,0,0,22,172,4,9.5,30,75,84.5,5,3,,3,5,,,,,480
ago - dic 2019,,MOTOR,En corto,"109,784",0,0,0,0,0,0,1,1,9,4,16.3,20,1.24,17.54,5,4,0,0,0,0,0,0,48,"3,840"
mayo-julio 2018,Jaguar,Nozzle,Fuera de lugar,"129,704",0,0,0,0,0,0,2,2,15,3,0.68,5,0.24,0.92,1,3,0,0,0,0,0,0,96,864
mayo-julio 2018,Jaguar,Nozzle,Desajustado,"129,704",0,0,0,0,0,0,2,2,15,3,0.68,5,0.24,0.92,1,3,0,0,0,0,0,0,96,864
Jul - Sep 2018,Jaguar,Nozzle,ac,128205,0,4,0,0,0,0,3,7,55,2,0.93,5,12.5,13.43,2,4,,3,,,,,48,816
ago - dic 2019,,Nut,Ausente,"109,784",0,3,0,0,0,0,0,3,27,5,0.06,5,0.31,0.37,1,4,0,9,0,0,0,0,0,180
mayo-julio 2018,Jaguar,Panel Control - Fascia,Deformado,"129,704",0,2,5,0,0,0,1,8,62,5,5.39,15,0.72,6.11,4,3,0,6,25,0,0,0,48,"4,740"
mayo-julio 2018,Jaguar,Panel Control - Fascia,Botón duro,"129,704",0,0,2,0,0,0,1,3,23,4,5.39,15,0.72,6.11,4,3,0,0,10,0,0,0,48,"2,784"
ago - dic 2019,,PATA NIVELADORA,Golpe,"109,784",0,0,0,0,0,0,1,1,9,4,0.1,2,0.12,0.22,1,4,0,0,0,0,0,0,48,768
oct - dic 2018,,Patas de lavadora,Desnivelada,140470,0,0,0,0,0,0,27,27,192,5,,,0,0,,,0,0,0,0,0,0,1296,0
oct - dic 2018,,Patas de lavadora,Quebrada,140470,0,0,0,0,0,0,1,1,7,1,,,0,0,,,0,0,0,0,0,0,48,0
oct - dic 2018,,Patas de lavadora,Mal ensamblada,140470,0,0,0,0,0,0,1,1,7,1,,,0,0,,,0,0,0,0,0,0,48,0
oct - dic 2018,,Patas de lavadora,Faltantes,140470,0,0,0,0,0,0,1,1,7,1,,,0,0,,,0,0,0,0,0,0,48,0
mayo-julio 2018,Jaguar,PERILLA,Suelta,"129,704",0,3,0,4,0,0,2,9,69,5,0.77,5,0.24,1.01,2,3,0,9,0,120,0,0,96,"6,750"
ago - dic 2019,,PERILLA,Suelta,"109,784",0,1,0,0,0,0,1,2,18,5,0.52,1,0.06,0.58,1,4,0,3,0,0,0,0,48,"1,020"
ago - dic 2019,,PERILLA,Poste deforme,"109,784",2,0,3,0,0,0,0,5,46,5,0.52,1,0.06,0.58,1,4,2,0,15,0,0,0,0,340
oct - dic 2018,,PERILLA,quebradas,140470,0,0,0,0,0,0,2,2,14,2,,,0,0,,,0,0,0,0,0,0,96,0
oct - dic 2018,,PERILLA,Mal ensamblado,140470,0,0,0,0,0,0,2,2,14,2,,,0,0,,,0,0,0,0,0,0,96,0
oct - dic 2018,,PERILLA,falta pieza,140470,0,0,11,0,0,0,1,12,85,5,,,0,0,,,0,#REF!,55,0,0,0,48,#REF!
oct - dic 2018,,PERILLA,Vastago ausente,140470,0,7,0,0,0,0,0,7,50,,,,,,,,,,,,,,,
oct - dic 2018,,PERILLA,Equivocada,140470,0,2,9,0,0,0,0,11,78,,,,,,,,,,,,,,,
oct - dic 2018,,PERILLA,Rebaba,140470,0,2,2,0,0,0,0,4,28,,,,,,,,,,,,,,,
oct - dic 2018,,PERILLA,Deforme,140470,0,2,0,0,0,0,0,2,14,,,,,,,,,,,,,,,
oct - dic 2018,,PERILLA,Serigrafía incompleta,140470,0,1,0,0,0,0,0,1,7,,,,,,,,,,,,,,,
oct - dic 2018,,PERILLA,Dañadas,140470,0,3,0,0,0,0,0,3,21,,,,,,,,,,,,,,,
ago - dic 2019,,PLANETARIO,Rebaba,"109,784",0,3,0,0,0,0,0,3,27,5,9.4,30,1.87,11.27,5,4,0,9,0,0,0,0,0,900
ago - dic 2019,,PLANETARIO,Agrietado,"109,784",0,1,0,0,0,0,0,1,9,4,9.4,30,1.87,11.27,5,4,0,3,0,0,0,0,0,240
ago - dic 2019,,PLANETARIO,Empaque dañado,"109,784",1,0,0,0,0,0,0,1,9,4,9.4,30,1.87,11.27,5,4,1,0,0,0,0,0,0,80
mayo-julio 2018,Jaguar,POLEA,Fuera de lugar,"129,704",0,0,0,0,0,0,1,1,8,1,0.63,10,0.48,1.11,2,3,0,0,0,0,0,0,48,288
mayo-julio 2018,Jaguar,POLEA,Ruido,"129,704",0,0,0,0,0,0,1,1,8,1,0.63,10,0.48,1.11,2,3,0,0,0,0,0,0,48,288
ago - dic 2019,,POLEA,Floja / sin torque,"109,784",0,0,0,0,0,0,8,8,73,5,0.8,3,0.19,0.99,1,4,0,0,0,0,0,0,384,"7,680"
Jul - Sep 2018,Jaguar,POLEA,No funciona/ ruido - desajustada ,128205,0,4,0,0,0,0,5,9,70,3,0.8,10,25,25.8,3,3,,3,,,,,48,1377
Jul - Sep 2018,Jaguar,Power cord,No enciende - Desajustado,128205,0,3,1,0,0,0,3,7,55,2,1.2,12,30,31.2,5,4,,3,5,,,,48,2240
Jul - Sep 2018,Jaguar,Power cord ,Dañado ,128205,0,12,0,0,0,0,1,13,101,4,1.2,12,30,31.2,3,4,,3,,,,,48,2448
mayo-julio 2018,Jaguar,Protector de motor Cover pulley,Suelto,"129,704",0,2,0,0,0,0,3,5,39,4,0.78,10,0.48,1.26,2,3,0,6,0,0,0,0,144,"3,600"
ago - dic 2019,,REAR PANEL,Golpe,"109,784",0,0,0,0,0,0,3,3,27,5,2.84,5,0.31,3.15,3,4,0,0,0,0,0,0,144,"8,640"
ago - dic 2019,,REAR PANEL,Mal ensamble,"109,784",0,2,0,0,0,0,1,3,27,5,2.84,5,0.31,3.15,3,4,0,6,0,0,0,0,48,"3,240"
ago - dic 2019,,REAR PANEL,Tornillo ausente,"109,784",0,8,0,0,0,0,0,8,73,5,2.84,5,0.31,3.15,3,4,0,24,0,0,0,0,0,"1,440"
ago - dic 2019,,REAR PANEL,Falta de torque,"109,784",0,3,0,0,0,0,0,3,27,5,2.84,5,0.31,3.15,3,4,0,9,0,0,0,0,0,540
ago - dic 2019,,REAR PANEL,Tornillo mal ensamblado,"109,784",0,1,0,0,0,0,0,1,9,4,2.84,5,0.31,3.15,3,4,0,3,0,0,0,0,0,144
ago - dic 2019,,REAR PANEL,Tornillo equivocado,"109,784",0,1,0,0,0,0,0,1,9,4,2.84,5,0.31,3.15,3,4,0,3,0,0,0,0,0,144
oct - dic 2018,,REAR PANEL,Tornillo mal ensamblado,140470,0,4,0,0,0,0,0,4,28,,,,,,,,,,,,,,,
oct - dic 2018,,REAR PANEL,Falta de torque,140470,0,1,0,0,0,0,0,1,7,,,,,,,,,,,,,,,
oct - dic 2018,,REAR PANEL,Tornillos ausentes,140470,0,10,0,0,0,0,0,10,71,,,,,,,,,,,,,,,
oct - dic 2018,,REAR PANEL,Mal ensamble,140470,0,6,0,0,0,0,0,6,43,4,,,0,0,,,0,18,0,0,0,0,0,0
oct - dic 2018,,REAR PANEL,Dañado / deforme,140470,0,1,0,0,0,0,3,4,28,4,,,0,0,,,0,3,0,0,0,0,144,0
ago - dic 2019,,Rear top,Tornillo ausente,"109,784",0,6,0,0,0,0,0,6,55,5,1.71,3,0.19,1.9,3,4,0,18,0,0,0,0,0,"1,080"
oct - dic 2018,,Rociador / Nozzle,Falta de torque,140470,0,1,1,0,0,0,0,2,,,,,,,,,,,,,,,,
oct - dic 2018,,Rociador / Nozzle,Equivocado,140470,0,1,0,0,0,0,0,1,,,,,,,,,,,,,,,,
oct - dic 2018,,Rociador / Nozzle,Mal ensamblado,140470,0,0,0,0,0,0,2,2,14,2,,,0,0,,,0,0,0,0,0,0,96,0
oct - dic 2018,,Rociador / Nozzle,Deforme,140470,1,0,0,0,0,0,0,1,7,1,,,0,0,,,1,0,0,0,0,0,0,0
Jul - Sep 2018,Jaguar,Sello,Llena y drena- Roto ,128205,0,0,0,0,0,0,1,1,8,1,0.2,5,12.5,12.7,1,3,,,,,,,48,144
ago - dic 2019,,SELLO DE TRANSMISIÓN,Fuera de posición,"109,784",0,0,0,0,0,0,1,1,9,4,16.25,30,1.87,18.12,5,4,0,0,0,0,0,0,48,"3,840"
oct - dic 2018,,Solenoide,Desajustado,140470,0,0,0,0,0,0,1,1,7,1,,,0,0,,,0,0,0,0,0,0,48,0
ago - dic 2019,,Speed wheel,Pandeado / deformado,"109,784",44,0,0,0,0,0,0,44,401,5,0.26,12,0.75,1.01,1,4,44,0,0,0,0,0,0,880
ago - dic 2019,,Speed wheel,Quebrado / dañado / fracturado,"109,784",3,1,0,1,0,0,0,5,46,5,0.26,12,0.75,1.01,1,4,3,3,0,30,0,0,0,720
ago - dic 2019,,Speed wheel,Rebaba,"109,784",5,0,0,0,0,0,0,5,46,5,0.26,12,0.75,1.01,1,4,5,0,0,0,0,0,0,100
Jul - Sep 2018,Jaguar,Strike hook ,No lava/ no exprime- Mal ensamblado ,128205,0,9,14,0,0,0,5,28,218,5,0.2,5,12.5,12.7,1,4,,3,5,,,,48,1120
Jul - Sep 2018,Jaguar,Strike hook ,Llena y dreana- quebrado ,128205,0,0,0,0,0,0,2,2,16,1,0.2,20,50,50.2,4,4,,,,,,,48,768
ago - dic 2019,,Support motor,Tuerca mal ensambada,"109,784",0,1,0,0,0,0,0,1,9,4,2.42,10,0.62,3.04,3,4,0,3,0,0,0,0,0,144
mayo-julio 2018,Jaguar,Suspensión,Vencida,"129,704",0,4,1,0,0,0,1,6,46,4,7,30,1.43,8.43,5,4,0,12,5,0,0,0,48,"5,200"
mayo-julio 2018,Jaguar,Suspensión,Fuera de lugar,"129,704",0,0,0,0,0,0,1,1,8,1,7,30,1.43,8.43,5,4,0,0,0,0,0,0,48,960
mayo-julio 2018,Jaguar,Suspensión,Dañada,"129,704",0,0,0,0,0,0,1,1,8,1,7,30,1.43,8.43,5,4,0,0,0,0,0,0,48,960
mayo-julio 2018,Jaguar,Suspensión,Desgastada,"129,704",0,0,0,0,0,0,1,1,8,1,7,30,1.43,8.43,5,4,0,0,0,0,0,0,48,960
mayo-julio 2018,Jaguar,Suspensión,Caída,"129,704",0,0,0,0,0,0,1,1,8,1,7,30,1.43,8.43,5,4,0,0,0,0,0,0,48,960
oct - dic 2018,,Suspensión,Fuera de posición / sin ensamblar,140470,0,1,1,0,0,0,7,9,64,5,,,0,0,,,0,3,5,0,0,0,336,0
oct - dic 2018,,Suspensión,mal ensamblado,140470,0,3,1,0,0,0,5,9,64,5,,,0,0,,,0,9,5,0,0,0,240,0
oct - dic 2018,,Suspensión,quebrada,140470,0,0,0,0,0,0,4,4,28,4,,,0,0,,,0,0,0,0,0,0,192,0
oct - dic 2018,,Suspensión,dañada,140470,0,0,0,0,0,0,4,4,28,4,,,0,0,,,0,0,0,0,0,0,192,0
oct - dic 2018,,Switch,Quebrado,140470,0,0,0,0,0,0,1,1,7,1,,,0,0,,,0,0,0,0,0,0,48,0
mayo-julio 2018,Jaguar,Switch Unbalance,Quebrado,"129,704",0,3,0,0,0,0,18,21,162,5,0.49,15,0.72,1.2,2,4,0,9,0,0,0,0,864,"34,920"
mayo-julio 2018,Jaguar,Switch Unbalance,Switch unbalance-Falso contacto,"129,704",0,1,0,0,0,0,2,3,23,4,0.53,5,0.24,0.77,1,4,0,3,0,0,0,0,96,"1,584"
mayo-julio 2018,Jaguar,Switch Unbalance,Flojo,"129,704",0,0,0,0,0,0,2,2,15,3,0.49,10,0.48,0.97,1,4,0,0,0,0,0,0,96,"1,152"
mayo-julio 2018,Jaguar,Switch Unbalance,No exprime- Fuera de Posición,"129,704",0,1,0,0,0,0,1,2,15,3,0.53,5,0.24,0.77,1,4,0,3,0,0,0,0,48,612
mayo-julio 2018,Jaguar,Switch Unbalance,Swich unbalance-Suelto,"129,704",0,0,0,0,0,0,1,2,15,3,0.53,5,0.24,0.77,1,4,0,0,0,0,0,0,48,576
oct - dic 2018,,Tapa,Deforme,140470,0,0,0,0,0,0,1,1,7,1,,,0,0,,,0,0,0,0,0,0,48,0
ago - dic 2019,,Tarjeta Robin,Falla funcional / no enciende,"109,784",22,105,38,0,0,0,0,165,1503,5,2.78,10,0.62,3.4,3,4,22,315,190,0,0,0,0,"31,620"
ago - dic 2019,,Tarjeta Robin,Falla de LED,"109,784",0,8,11,0,0,0,0,19,173,5,2.78,10,0.62,3.4,3,4,0,24,55,0,0,0,0,"4,740"
ago - dic 2019,,Tarjeta Robin,Tornillo ausente,"109,784",0,2,3,0,0,0,0,5,46,5,2.78,10,0.62,3.4,3,4,0,6,15,0,0,0,0,"1,260"
ago - dic 2019,,Tarjeta Robin,Mal ruteo,"109,784",0,0,3,0,0,0,0,3,27,5,2.78,10,0.62,3.4,3,4,0,0,15,0,0,0,0,900
ago - dic 2019,,Tarjeta Robin,No realiza prueba,"109,784",11,0,0,0,0,0,0,11,100,5,2.78,10,0.62,3.4,3,4,11,0,0,0,0,0,0,660
ago - dic 2019,,Tarjeta Robin,Boton fuera de especificación,"109,784",0,0,2,0,0,0,0,2,18,5,2.78,10,0.62,3.4,3,4,0,0,10,0,0,0,0,600
ago - dic 2019,,Tarjeta Robin,Falta de LED,"109,784",4,0,0,0,0,0,0,4,36,5,2.78,10,0.62,3.4,3,4,4,0,0,0,0,0,0,240
ago - dic 2019,,Tarjeta Robin,Conector quebrado,"109,784",0,0,1,0,0,0,0,1,9,4,2.78,10,0.62,3.4,3,4,0,0,5,0,0,0,0,240
ago - dic 2019,,Tarjeta Robin,LED encendido,"109,784",3,0,0,0,0,0,0,3,27,5,2.78,10,0.62,3.4,3,4,3,0,0,0,0,0,0,180
ago - dic 2019,,Tarjeta Robin,LED no enciende,"109,784",2,0,0,0,0,0,0,2,18,5,2.78,10,0.62,3.4,3,4,2,0,0,0,0,0,0,120
ago - dic 2019,,Tarjeta Robin,Falta de transistor,"109,784",1,0,0,0,0,0,0,1,9,4,2.78,10,0.62,3.4,3,4,1,0,0,0,0,0,0,48
mayo-julio 2018,Jaguar,TINA,Quebrada,"129,704",0,1,4,1,0,0,4,10,77,5,8.59,60,2.87,11.46,5,4,0,3,20,30,0,0,192,"24,500"
mayo-julio 2018,Jaguar,TINA,Caída,"129,704",0,0,0,0,0,0,3,3,23,4,7,30,1.43,8.43,5,4,0,0,0,0,0,0,144,"11,520"
mayo-julio 2018,Jaguar,TINA,Desbalanceada,"129,704",0,0,0,0,0,0,1,1,8,1,7,30,1.43,8.43,5,4,0,0,0,0,0,0,48,960
mayo-julio 2018,Jaguar,TINA,Quebrada parte superior,"129,704",0,0,0,0,0,0,1,1,8,1,8.59,60,2.87,11.46,5,4,0,0,0,0,0,0,48,960
mayo-julio 2018,Jaguar,TINA,Con Rebaba,"129,704",0,0,0,1,0,0,0,1,8,1,8.59,60,2.87,11.46,5,4,0,0,0,30,0,0,0,600
mayo-julio 2018,Jaguar,TINA,Manchada por óxido,"129,704",0,0,0,0,0,0,1,1,8,1,8.59,60,2.87,11.46,5,2,0,0,0,0,0,0,48,480
ago - dic 2019,,TINA,Fuga,"109,784",0,40,1,0,0,0,1,42,383,5,12.72,60,3.73,16.45,5,4,0,120,5,0,0,0,48,"17,300"
ago - dic 2019,,TINA,Pivotes quebrados,"109,784",0,3,2,0,0,0,0,5,46,5,12.72,60,3.73,16.45,5,4,0,9,10,0,0,0,0,"1,900"
ago - dic 2019,,TINA,Orificio tapado,"109,784",0,2,1,0,0,0,0,3,27,5,12.72,60,3.73,16.45,5,4,0,6,5,0,0,0,0,"1,100"
ago - dic 2019,,TINA,Con Suciedad / contaminadas,"109,784",0,1,1,0,0,0,0,2,18,5,12.72,60,3.73,16.45,5,4,0,3,5,0,0,0,0,800
ago - dic 2019,,TINA,Tiro corto,"109,784",0,2,0,0,0,0,0,2,18,5,12.72,60,3.73,16.45,5,4,0,6,0,0,0,0,0,600
ago - dic 2019,,TINA,Tornillo dentro de unidad,"109,784",0,2,0,0,0,0,0,2,18,5,12.72,60,3.73,16.45,5,4,0,6,0,0,0,0,0,600
ago - dic 2019,,TINA,Pestaña quebrada,"109,784",0,2,0,0,0,0,0,2,18,5,12.72,60,3.73,16.45,5,4,0,6,0,0,0,0,0,600
ago - dic 2019,,TINA,Mal ensamble,"109,784",0,1,0,0,0,0,0,1,9,4,12.72,60,3.73,16.45,5,4,0,3,0,0,0,0,0,240
oct - dic 2018,,TINA,Rota / Quebrada,140470,0,30,0,0,0,0,5,35,249,5,,,0,0,,,0,90,0,0,0,0,240,0
oct - dic 2018,,TINA,Manchada,140470,0,1,0,0,0,0,2,3,21,3,,,0,0,,,0,3,0,0,0,0,96,0
oct - dic 2018,,TINA,desbalanceada,140470,0,0,0,0,0,0,1,1,7,1,,,0,0,,,0,0,0,0,0,0,48,0
oct - dic 2018,,TINA,Pestaña quebrada,140470,0,4,0,0,0,0,0,4,28,,,,,,,,,,,,,,,
oct - dic 2018,,TINA,Pivote quebrado,140470,0,2,2,0,0,0,0,4,28,,,,,,,,,,,,,,,
oct - dic 2018,,TINA,Tiro corto / incompleto,140470,0,4,3,0,0,0,0,7,50,,,,,,,,,,,,,,,
oct - dic 2018,,TINA,Orificios barridos,140470,0,10,0,0,0,0,0,10,71,,,,,,,,,,,,,,,
oct - dic 2018,,TINA,Orificios tapados,140470,0,2,0,0,0,0,0,2,14,,,,,,,,,,,,,,,
oct - dic 2018,,TINA,Mal ensamble,140470,0,3,0,0,0,0,0,3,21,,,,,,,,,,,,,,,
oct - dic 2018,,TINA,Ovalada,140470,0,3,0,0,0,0,0,3,21,,,,,,,,,,,,,,,
oct - dic 2018,,TINA,Tornillo adicional (dentro de unidad),140470,0,1,1,0,0,0,0,2,14,,,,,,,,,,,,,,,
Jul - Sep 2018,Jaguar,TINA,Tira agua- Tina quebrada ,128205,0,21,2,0,0,0,2,25,195,5,10,60,150,160,5,4,,3,5,,,,48,5600
ago - dic 2019,,Top panel,Equivocado,"109,784",144,81,0,0,0,0,0,225,2049,5,7.7,30,1.87,9.57,4,3,144,243,0,0,0,0,0,"23,220"
ago - dic 2019,,Top panel,Tornillo mal ensamblado,"109,784",0,35,0,0,0,0,0,35,319,5,7.7,30,1.87,9.57,4,4,0,105,0,0,0,0,0,"8,400"
ago - dic 2019,,Top panel,Pestaña quebrada,"109,784",0,16,0,0,0,0,0,16,146,5,7.7,30,1.87,9.57,4,4,0,48,0,0,0,0,0,"3,840"
ago - dic 2019,,Top panel,Mal ensamble,"109,784",0,2,8,0,0,0,0,10,91,5,7.7,30,1.87,9.57,4,4,0,6,40,0,0,0,0,"3,680"
ago - dic 2019,,Top panel,Soft clutch baja rápido,"109,784",0,14,0,0,0,0,0,14,128,5,7.7,30,1.87,9.57,4,4,0,42,0,0,0,0,0,"3,360"
ago - dic 2019,,Top panel,Bezel ausente,"109,784",0,0,4,0,0,0,0,4,36,5,7.7,30,1.87,9.57,4,4,0,0,20,0,0,0,0,"1,600"
ago - dic 2019,,Top panel,Tornillo ausente,"109,784",0,3,2,0,0,0,0,5,46,5,7.7,30,1.87,9.57,4,4,0,9,10,0,0,0,0,"1,520"
ago - dic 2019,,Top panel,Defecto inyección / tiro corto,"109,784",3,2,0,0,0,0,0,5,46,5,7.7,30,1.87,9.57,4,4,3,6,0,0,0,0,0,720
ago - dic 2019,,Top panel,Contamiando,"109,784",4,0,0,0,0,0,0,4,36,5,7.7,30,1.87,9.57,4,4,4,0,0,0,0,0,0,320
ago - dic 2019,,Top panel,Nut ausente,"109,784",0,0,1,0,0,0,0,1,9,4,7.7,30,1.87,9.57,4,4,0,0,5,0,0,0,0,320
ago - dic 2019,,Top panel,Sucio,"109,784",0,1,0,0,0,0,0,1,9,4,7.7,30,1.87,9.57,4,4,0,3,0,0,0,0,0,192
ago - dic 2019,,Top panel,Amarillo,"109,784",2,0,0,0,0,0,0,2,18,5,7.7,30,1.87,9.57,4,4,2,0,0,0,0,0,0,160
ago - dic 2019,,Top panel,Mal retrabajo,"109,784",1,0,0,0,0,0,0,1,9,4,7.7,30,1.87,9.57,4,4,1,0,0,0,0,0,0,64
mayo-julio 2018,Jaguar,TRANSMISIÓN,Atorada - Ruido,"129,704",1,7,4,1,0,0,2,15,116,5,17.98,30,1.43,19.41,5,4,1,21,20,30,0,0,96,"16,800"
ago - dic 2019,,TRANSMISIÓN,Ruidosa,"109,784",0,0,0,1,0,0,5,6,55,5,16.25,30,1.87,18.12,5,3,0,0,0,30,0,0,240,"20,250"
ago - dic 2019,,TRANSMISIÓN,Pegada,"109,784",0,0,0,0,0,0,2,2,18,5,16.25,30,1.87,18.12,5,4,0,0,0,0,0,0,96,"9,600"
ago - dic 2019,,TRANSMISIÓN,Trabada,"109,784",0,0,0,0,0,0,2,2,18,5,16.25,30,1.87,18.12,5,4,0,0,0,0,0,0,96,"9,600"
ago - dic 2019,,TRANSMISIÓN,Dañada / golpeada,"109,784",0,6,1,0,0,0,1,8,73,5,16.25,30,1.87,18.12,5,4,0,18,5,0,0,0,48,"7,100"
ago - dic 2019,,TRANSMISIÓN,Snap fuera de posición,"109,784",0,3,8,0,0,0,0,11,100,5,16.25,30,1.87,18.12,5,4,0,9,40,0,0,0,0,"4,900"
ago - dic 2019,,TRANSMISIÓN,Tuerca barrida,"109,784",0,1,5,0,0,0,0,6,55,5,16.25,30,1.87,18.12,5,4,0,3,25,0,0,0,0,"2,800"
ago - dic 2019,,TRANSMISIÓN,Tornillo ausente,"109,784",0,5,2,0,0,0,0,7,64,5,16.25,30,1.87,18.12,5,4,0,15,10,0,0,0,0,"2,500"
ago - dic 2019,,TRANSMISIÓN,Tornillo barrido,"109,784",0,2,2,0,0,0,0,4,36,5,16.25,30,1.87,18.12,5,4,0,6,10,0,0,0,0,"1,600"
ago - dic 2019,,TRANSMISIÓN,Snap doble,"109,784",0,3,0,0,0,0,0,3,27,5,16.25,30,1.87,18.12,5,4,0,9,0,0,0,0,0,900
ago - dic 2019,,TRANSMISIÓN,Tornillos extra,"109,784",0,0,1,0,0,0,0,1,9,4,16.25,30,1.87,18.12,5,4,0,0,5,0,0,0,0,400
ago - dic 2019,,TRANSMISIÓN,speed weel ausente,"109,784",0,0,1,0,0,0,0,1,9,4,16.25,30,1.87,18.12,5,4,0,0,5,0,0,0,0,400
ago - dic 2019,,TRANSMISIÓN,Agrietada,"109,784",0,0,1,0,0,0,0,1,9,4,16.25,30,1.87,18.12,5,4,0,0,5,0,0,0,0,400
ago - dic 2019,,TRANSMISIÓN,Mal clinchado en maquina,"109,784",0,1,0,0,0,0,0,1,9,4,16.25,30,1.87,18.12,5,4,0,3,0,0,0,0,0,240
ago - dic 2019,,TRANSMISIÓN,Fuera de posición,"109,784",0,1,0,0,0,0,0,1,9,4,16.25,30,1.87,18.12,5,4,0,3,0,0,0,0,0,240
ago - dic 2019,,TRANSMISIÓN,Doble componente,"109,784",0,1,0,0,0,0,0,1,9,4,16.25,30,1.87,18.12,5,4,0,3,0,0,0,0,0,240
ago - dic 2019,,TRANSMISIÓN,Ausente,"109,784",0,1,0,0,0,0,0,1,9,4,16.25,30,1.87,18.12,5,4,0,3,0,0,0,0,0,240
oct - dic 2018,,TRANSMISIÓN,Atorada,140470,0,0,0,0,0,0,21,21,149,5,,,0,0,,,0,0,0,0,0,0,1008,0
oct - dic 2018,,TRANSMISIÓN,Desgastada,140470,0,0,0,0,0,0,4,4,28,4,,,0,0,,,0,0,0,0,0,0,192,0
oct - dic 2018,,TRANSMISIÓN,No agita,140470,0,0,0,0,0,0,2,2,14,2,,,0,0,,,0,0,0,0,0,0,96,0
oct - dic 2018,,TRANSMISIÓN,Trabada en exprimido,140470,0,0,0,0,0,0,1,1,7,1,,,0,0,,,0,0,0,0,0,0,48,0
oct - dic 2018,,TRANSMISIÓN,Ruido al exprimir,140470,0,0,0,0,0,0,1,1,7,1,,,0,0,,,0,0,0,0,0,0,48,0
oct - dic 2018,,TRANSMISIÓN,Flecha pegada,140470,0,0,0,0,0,0,1,1,7,1,,,0,0,,,0,0,0,0,0,0,48,0
Jul - Sep 2018,Jaguar,TRANSMISIÓN,Ruido,128205,0,22,5,1,0,0,5,33,257,5,33.4,45,112.5,145.9,5,3,,3,5,30,,,48,6450
ago - dic 2019,,TRANSMISIÓN // ACTUADOR,Abierto,"109,784",0,0,0,0,0,0,1,1,9,4,16.25,30,1.87,18.12,5,4,0,0,0,0,0,0,48,"3,840"
oct - dic 2018,,Transmisión proceso,Transmisión ausente,140470,0,1,0,0,0,0,0,1,7,,,,,,,,,,,,,,,
oct - dic 2018,,Transmisión proceso,Dañada / quebrada,140470,0,5,1,0,0,0,0,6,43,,,,,,,,,,,,,,,
oct - dic 2018,,Transmisión proceso,Doble componente,140470,0,2,0,0,0,0,0,2,14,,,,,,,,,,,,,,,
oct - dic 2018,,Transmisión proceso,Flecha dañada,140470,0,1,0,0,0,0,0,1,7,,,,,,,,,,,,,,,
oct - dic 2018,,Transmisión proceso,Tornillo falta de torque,140470,0,2,5,0,0,0,0,7,50,,,,,,,,,,,,,,,
oct - dic 2018,,Transmisión proceso,Mal clinchado,140470,0,2,0,0,0,0,0,2,14,,,,,,,,,,,,,,,
oct - dic 2018,,Transmisión proceso,Tornillos ausentes,140470,0,2,3,0,0,0,0,5,36,,,,,,,,,,,,,,,
oct - dic 2018,,Transmisión proceso,Tornillo capado,140470,0,4,1,0,0,0,0,5,36,,,,,,,,,,,,,,,
oct - dic 2018,,Transmisión proceso,Mal ensamblado,140470,0,0,1,0,0,0,0,1,7,,,,,,,,,,,,,,,
oct - dic 2018,,Transmisión proceso,Flecha fuera de posición,140470,0,0,1,0,0,0,0,1,7,,,,,,,,,,,,,,,
oct - dic 2018,,Tray dispenser,Tornillo ausente,140470,0,2,0,0,0,0,0,2,14,,,,,,,,,,,,,,,
oct - dic 2018,,Tray dispenser,Quebrado,140470,0,0,0,0,0,0,1,1,7,1,,,0,0,,,0,0,0,0,0,0,48,0
ago - dic 2019,,TUB COVER - VERTIC,Pandeado / Deforme,"109,784",372,0,0,0,0,0,0,372,3388,5,2.31,15,0.93,3.24,3,2,372,0,0,0,0,0,0,"11,160"
ago - dic 2019,,TUB COVER - VERTIC,Tiro corto,"109,784",2,0,0,0,0,0,0,2,18,5,2.31,15,0.93,3.24,3,4,2,0,0,0,0,0,0,120
ago - dic 2019,,Tube ring,Pandeado,"109,784",0,99,0,0,0,0,0,99,902,5,1.95,15,0.93,2.88,3,2,0,297,0,0,0,0,0,"8,910"
ago - dic 2019,,Tube ring,Rayado / golpeado / quebrado,"109,784",0,4,0,0,0,0,0,4,36,5,1.95,15,0.93,2.88,3,4,0,12,0,0,0,0,0,720
ago - dic 2019,,Tube ring,Deforme,"109,784",0,2,0,0,0,0,0,2,18,5,1.95,15,0.93,2.88,3,4,0,6,0,0,0,0,0,360
ago - dic 2019,,Tube ring,Pestaña quebrada,"109,784",0,2,0,0,0,0,0,2,18,5,1.95,15,0.93,2.88,3,4,0,6,0,0,0,0,0,360
ago - dic 2019,,Tube ring,Tiro corto,"109,784",0,1,0,0,0,0,0,1,9,4,1.95,15,0.93,2.88,3,4,0,3,0,0,0,0,0,144
oct - dic 2018,,Tube ring,Fracturado,140470,0,0,0,0,0,0,1,1,7,1,,,0,0,,,0,0,0,0,0,0,48,0
oct - dic 2018,,Unbalance,Quebrado,140470,0,1,3,1,0,0,12,17,121,5,,,0,0,,,0,3,15,30,0,0,576,0
oct - dic 2018,,Unbalance,Mal ensamblado,140470,0,2,1,0,0,0,12,15,107,5,,,0,0,,,0,6,5,0,0,0,576,0
oct - dic 2018,,Unbalance,Unbalance switch activado,140470,0,0,0,0,0,0,7,7,50,4,,,0,0,,,0,0,0,0,0,0,336,0
oct - dic 2018,,Unbalance,Unbalance switch abierto,140470,0,0,0,0,0,0,3,3,21,3,,,0,0,,,0,0,0,0,0,0,144,0
oct - dic 2018,,Unbalance,Falso contacto,140470,0,0,0,0,0,0,3,3,21,3,,,0,0,5,,0,0,0,0,0,0,144,0
oct - dic 2018,,Unbalance,Unbalance switch bloqueado / no activa,140470,0,0,5,0,0,0,1,6,43,4,,,0,0,5,,0,0,25,0,0,0,48,0
oct - dic 2018,,Unbalance,Dañado,140470,0,4,6,0,0,0,0,10,71,,,,,,,,,,,,,,,
Jul - Sep 2018,Jaguar,Unbalance switch ,No exprime- Quebrado ,128205,0,11,1,0,0,0,12,24,187,4,0.5,15,37.5,38,3,4,,3,5,,,,48,2688
Jul - Sep 2018,Jaguar,Unbalance switch ,No exprime- desajustado ,128205,0,1,1,0,0,0,5,7,55,2,0.5,15,37.5,38,3,3,,3,5,,,,48,1008
Jul - Sep 2018,Jaguar,Unbalance switch ,No exprime- Abierto o en corto ,128205,0,1,0,0,0,0,5,6,47,2,0.5,15,37.5,38,3,3,,3,,,,,48,918
mayo-julio 2018,Jaguar,VÁLVULA,No llena,"129,704",3,0,0,0,0,0,5,8,62,5,2.64,15,0.72,3.36,3,4,3,0,0,0,0,0,240,"14,580"
mayo-julio 2018,Jaguar,VÁLVULA,Pegada,"129,704",3,0,0,0,0,0,5,8,62,5,2.64,15,0.72,3.36,3,4,3,0,0,0,0,0,240,"14,580"
mayo-julio 2018,Jaguar,VÁLVULA,Flujo contiuo,"129,704",0,0,0,1,0,0,5,6,46,4,2.64,15,0.72,3.36,3,4,0,0,0,30,0,0,240,"12,960"
mayo-julio 2018,Jaguar,VÁLVULA,Quebrada,"129,704",0,1,0,0,0,0,1,2,15,3,2.64,15,0.72,3.36,3,4,0,3,0,0,0,0,48,"1,836"
mayo-julio 2018,Jaguar,VÁLVULA,Desajustada,"129,704",0,0,0,0,0,0,1,1,8,1,2.64,5,0.24,2.88,3,4,0,0,0,0,0,0,48,576
mayo-julio 2018,Jaguar,VÁLVULA,Desconectada,"129,704",0,0,0,0,0,0,1,1,8,1,2.64,5,0.24,2.88,3,4,0,0,0,0,0,0,48,576
ago - dic 2019,,VÁLVULA,Abierta / flujo continuo,"109,784",1,0,2,1,0,0,16,20,182,5,1.77,15,0.93,2.7,3,4,1,0,10,30,0,0,768,"48,540"
ago - dic 2019,,VÁLVULA,Desajustada / Abrazadera floja,"109,784",0,2,10,0,0,0,4,16,146,5,1.77,15,0.93,2.7,3,4,0,6,50,0,0,0,192,"14,880"
ago - dic 2019,,VÁLVULA,Quemada,"109,784",0,0,0,0,0,0,4,3,27,5,1.77,15,0.93,2.7,3,4,0,0,0,0,0,0,192,"11,520"
ago - dic 2019,,VÁLVULA,Falta de sello / empaque,"109,784",16,0,1,2,0,0,2,21,191,5,1.77,15,0.93,2.7,3,4,16,0,5,60,0,0,96,"10,620"
ago - dic 2019,,VÁLVULA,No abre,"109,784",1,0,0,0,0,0,2,3,27,5,1.77,15,0.93,2.7,3,4,1,0,0,0,0,0,96,"5,820"
ago - dic 2019,,VÁLVULA,Dañada / Quebrada,"109,784",0,0,0,0,0,0,2,2,18,5,1.77,15,0.93,2.7,3,4,0,0,0,0,0,0,96,"5,760"
ago - dic 2019,,VÁLVULA,Equivocada / Mal identificada,"109,784",84,0,0,0,0,0,0,84,765,5,1.77,15,0.93,2.7,3,4,84,0,0,0,0,0,0,"5,040"
ago - dic 2019,,VÁLVULA,Tornillo ausente,"109,784",1,2,4,0,0,0,1,8,73,5,1.77,15,0.93,2.7,3,4,1,6,20,0,0,0,48,"4,500"
ago - dic 2019,,VÁLVULA,Falta de torque,"109,784",0,0,8,0,0,0,0,8,73,5,1.77,15,0.93,2.7,3,4,0,0,40,0,0,0,0,"2,400"
ago - dic 2019,,VÁLVULA,Tapada,"109,784",0,0,0,0,0,0,1,1,9,4,1.77,15,0.93,2.7,3,4,0,0,0,0,0,0,48,"2,304"
ago - dic 2019,,VÁLVULA,Quebrada,"109,784",0,0,0,0,0,0,1,1,9,4,1.77,15,0.93,2.7,3,4,0,0,0,0,0,0,48,"2,304"
ago - dic 2019,,VÁLVULA,Terminal safada,"109,784",0,0,6,0,0,0,0,6,55,5,1.77,15,0.93,2.7,3,4,0,0,30,0,0,0,0,"1,800"
ago - dic 2019,,VÁLVULA,conector dañado,"109,784",0,0,2,0,0,0,0,2,18,5,1.77,15,0.93,2.7,3,4,0,0,10,0,0,0,0,600
ago - dic 2019,,VÁLVULA,Terminal deforme,"109,784",3,0,0,0,0,0,0,3,27,5,1.77,15,0.93,2.7,3,4,3,0,0,0,0,0,0,180
ago - dic 2019,,VÁLVULA,Terminal grande / Terminal larga,"109,784",3,0,0,0,0,0,0,3,27,5,1.77,15,0.93,2.7,3,4,3,0,0,0,0,0,0,180
ago - dic 2019,,VÁLVULA,Falta tapon de seguridad,"109,784",1,0,0,0,0,0,0,1,9,4,1.77,15,0.93,2.7,3,4,1,0,0,0,0,0,0,48
ago - dic 2019,,VÁLVULA,Terminal corta,"109,784",1,0,0,0,0,0,0,1,9,4,1.77,15,0.93,2.7,3,4,1,0,0,0,0,0,0,48
oct - dic 2018,,VÁLVULA,abierto / no activa indicador,140470,0,3,0,0,0,0,7,10,71,5,,,0,0,,,0,9,0,0,0,0,336,0
oct - dic 2018,,VÁLVULA,Flujo continuo,140470,0,0,0,4,0,0,3,7,50,4,,,0,0,,,0,0,0,120,0,0,144,0
oct - dic 2018,,VÁLVULA,Quemado,140470,0,0,0,0,0,0,2,2,14,2,,,0,0,,,0,0,0,0,0,0,96,0
oct - dic 2018,,VÁLVULA,Obstruida,140470,0,4,2,0,0,0,1,7,50,4,,,0,0,,,0,12,10,0,0,0,48,0
oct - dic 2018,,VÁLVULA,no regula niveles,140470,0,0,0,0,0,0,1,1,7,1,,,0,0,,,0,0,0,0,0,0,48,0
oct - dic 2018,,VÁLVULA,no llena,140470,0,0,0,0,0,0,1,1,7,1,,,0,0,,,0,0,0,0,0,0,48,0
oct - dic 2018,,VÁLVULA,Mal ensamblada,140470,0,0,0,0,0,0,1,1,7,1,,,0,0,,,0,0,0,0,0,0,48,0
oct - dic 2018,,VÁLVULA,Cerrada,140470,0,0,3,0,0,0,1,4,28,4,,,0,0,,,0,0,15,0,0,0,48,0
oct - dic 2018,,VÁLVULA,Conector mal ensamblado / sin ensamblar,140470,0,2,3,0,0,0,0,5,36,,,,,,,,,,,,,,,
oct - dic 2018,,VÁLVULA,Conector dañado,140470,0,2,0,0,0,0,0,2,14,,,,,,,,,,,,,,,
oct - dic 2018,,VÁLVULA,Conector invertido,140470,0,1,0,0,0,0,0,1,7,,,,,,,,,,,,,,,
oct - dic 2018,,VÁLVULA,Tornillo ausente,140470,0,2,0,0,0,0,0,2,14,,,,,,,,,,,,,,,
oct - dic 2018,,VÁLVULA,Falta de torque,140470,0,1,0,0,0,0,0,1,7,,,,,,,,,,,,,,,
oct - dic 2018,,VÁLVULA,Tornillo mal ensamble / barrido,140470,0,1,0,0,0,0,0,1,7,,,,,,,,,,,,,,,
oct - dic 2018,,VÁLVULA,ausencia de sello,140470,0,0,0,1,0,0,0,1,7,,,,,,,,,,,,,,,
Jul - Sep 2018,Jaguar,VÁLVULA,Flujo continuo/ no llena- dañada/obstruida,128205,0,18,0,1,0,0,19,38,296,5,2.64,9,22.5,25.14,3,4,,3,,0,0,0,48,3060
Jul - Sep 2018,Jaguar,VÁLVULA,No llena- Arnes desajustado ,128205,0,10,2,0,0,0,2,14,109,4,2.64,9,22.5,25.14,3,4,,3,5,,,,48,2688
Jul - Sep 2018,Jaguar,VÁLVULA,TIra agua- desajustada,128205,0,6,0,0,0,0,5,11,86,3,2.64,9,22.5,25.14,3,4,,3,,,,,48,1836
Jul - Sep 2018,Jaguar,VÁLVULA,Sello roto/dañada ,128205,0,0,2,0,0,0,1,3,23,1,2.64,9,22.5,25.14,3,4,,,5,,,,48,636
mayo-julio 2018,Jaguar,Varillas Suspensión,Quebrada,"129,704",0,0,0,0,0,0,4,4,31,4,7,30,1.43,8.43,5,4,0,0,0,0,0,0,192,"15,360"
mayo-julio 2018,Jaguar,Varillas Suspensión,Vencida,"129,704",0,2,0,0,0,0,2,4,31,4,7,30,1.43,8.43,5,4,0,6,0,0,0,0,96,"8,160"
mayo-julio 2018,Jaguar,Varillas Suspensión,Doblada,"129,704",0,1,0,0,0,0,2,3,23,4,7,30,1.43,8.43,5,4,0,3,0,0,0,0,96,"7,920"
mayo-julio 2018,Jaguar,Varillas Suspensión,Fuera de lugar,"129,704",0,0,0,0,0,0,1,1,8,1,7,30,1.43,8.43,5,4,0,0,0,0,0,0,48,960
ago - dic 2019,,Varillas Suspensión,Rotas / Dañadas / Vencidas,"109,784",1,0,0,0,0,0,13,14,128,5,0.7,30,1.87,2.57,3,4,1,0,0,0,0,0,624,"37,500"
ago - dic 2019,,Varillas Suspensión,Falta,"109,784",0,0,0,0,0,0,1,1,9,4,0.7,30,1.87,2.57,3,4,0,0,0,0,0,0,48,"2,304"
ago - dic 2019,,Varillas Suspensión,Equivocada,"109,784",0,3,0,0,0,0,0,3,27,5,0.7,30,1.87,2.57,3,4,0,12,0,0,0,0,0,720
Jul - Sep 2018,Jaguar,Varillas Suspensión,Tina suelta- Fuera de posición ,128205,0,1,0,0,0,0,9,10,78,3,7,30,75,82,,4,,3,,,,,48,0
Jul - Sep 2018,Jaguar,Varillas Suspensión,Tira el agua- Dañados ,128205,0,1,0,0,0,0,5,6,47,2,7,30,75,82,,4,,3,,,,,48,0
mayo-julio 2018,Jaguar,Wrapper,WRAPPER CON MARCA DE REB Z1,"129,704",0,90,0,0,0,0,0,90,691,5,6,5,0.24,6.24,4,2,0,269,0,0,0,0,0,"10,763"
mayo-julio 2018,Jaguar,Wrapper,WRAPPER CON PERF CORRIDA,"129,704",0,78,0,0,0,0,0,78,598,5,6,5,0.24,6.24,4,2,0,233,0,0,0,0,0,"9,310"
mayo-julio 2018,Jaguar,Wrapper,WRAPPER RAYADO EN RETRABAJO,"129,704",0,20,0,0,0,0,0,20,154,5,6,5,0.24,6.24,4,2,0,60,0,0,0,0,0,"2,400"
mayo-julio 2018,Jaguar,Wrapper,SOLDADURA ABIERTA,"129,704",0,10,0,0,0,0,0,10,77,5,6,5,0.24,6.24,4,4,0,30,0,0,0,0,0,"2,400"
mayo-julio 2018,Jaguar,Wrapper,WRAPPER RAYADO OP,"129,704",0,2,0,0,0,0,0,2,15,3,6,5,0.24,6.24,4,2,0,6,0,0,0,0,0,144
